code,name,sector
1301,極洋,水産・農林業
1305,ｉＦｒｅｅＥＴＦ　ＴＯＰＩＸ（年１回決算型）,-
1306,ＮＥＸＴ　ＦＵＮＤＳ　ＴＯＰＩＸ連動型上場投信,-
1308,上場インデックスファンドＴＯＰＩＸ,-
1309,ＮＥＸＴ　ＦＵＮＤＳ　ＣｈｉｎａＡＭＣ・中国株式・上証５０連動型上場投信,-
130A,Ｖｅｒｉｔａｓ　Ｉｎ　Ｓｉｌｉｃｏ,医薬品
1311,ＮＥＸＴ　ＦＵＮＤＳ　ＴＯＰＩＸ　Ｃｏｒｅ　３０連動型上場投信,-
1319,ＮＥＸＴ　ＦＵＮＤＳ　日経３００株価指数連動型上場投信,-
131A,ＣＣＮグループ,情報・通信業
1320,ｉＦｒｅｅＥＴＦ　日経２２５（年１回決算型）,-
1321,ＮＥＸＴ　ＦＵＮＤＳ　日経２２５連動型上場投信,-
1322,上場インデックスファンド中国Ａ株（パンダ）Ｅ　Ｆｕｎｄ　ＣＳＩ３００,-
1325,ＮＥＸＴ　ＦＵＮＤＳ　ブラジル株式指数・ボベスパ連動型上場投信,-
1326,ＳＰＤＲゴールド・シェア,-
1328,ＮＥＸＴ　ＦＵＮＤＳ　金価格連動型上場投信,-
1329,ｉシェアーズ・コア　日経２２５　ＥＴＦ,-
132A,アイエヌホールディングス,陸運業
1330,上場インデックスファンド２２５,-
1332,ニッスイ,水産・農林業
1333,マルハニチロ,水産・農林業
133A,グローバルＸ　超短期米国債　ＥＴＦ,-
1343,ＮＥＸＴ　ＦＵＮＤＳ　東証ＲＥＩＴ　指数連動型上場投信,-
1345,上場インデックスファンドＪリート（東証ＲＥＩＴ指数）隔月分配型,-
1346,ＭＡＸＩＳ　日経２２５上場投信,-
1348,ＭＡＸＩＳ　トピックス上場投信,-
1349,ＡＢＦ汎アジア債券インデックス・ファンド,-
134A,アプライズ,サービス業
1356,ＴＯＰＩＸベア２倍上場投信,-
1357,ＮＥＸＴ　ＦＵＮＤＳ　日経平均ダブルインバース・インデックス連動型上場投信,-
1358,上場インデックスファンド日経レバレッジ指数,-
135A,ＶＲＡＩＮ　Ｓｏｌｕｔｉｏｎ,情報・通信業
1360,日経平均ベア２倍上場投信,-
1364,ｉシェアーズ　ＪＰＸ日経４００　ＥＴＦ,-
1365,ｉＦｒｅｅＥＴＦ　日経平均レバレッジ・インデックス,-
1366,ｉＦｒｅｅＥＴＦ　日経平均ダブルインバース・インデックス,-
1367,ｉＦｒｅｅＥＴＦ　ＴＯＰＩＸレバレッジ（２倍）指数,-
1368,ｉＦｒｅｅＥＴＦ　ＴＯＰＩＸダブルインバース（－２倍）指数,-
1369,Ｏｎｅ　ＥＴＦ　日経２２５,-
136A,三興商事,建設業
1375,ユキグニファクトリー,水産・農林業
1376,カネコ種苗,水産・農林業
1377,サカタのタネ,水産・農林業
1379,ホクト,水産・農林業
137A,Ｃｏｃｏｌｉｖｅ,情報・通信業
1380,秋川牧園,水産・農林業
1381,アクシーズ,水産・農林業
1382,ホーブ,水産・農林業
1383,ベルグアース,水産・農林業
1384,ホクリヨウ,水産・農林業
138A,光フードサービス,小売業
1397,ＳＭＤＡＭ　日経２２５上場投信,-
1398,ＳＭＤＡＭ　東証ＲＥＩＴ指数上場投信,-
1399,上場インデックスファンドＭＳＣＩ日本株高配当低ボラティリティ,-
139A,東日本地所,不動産業
1401,エムビーエス,建設業
1407,ウエストホールディングス,建設業
140A,ｉＦｒｅｅＥＴＦ　米国１０年国債先物インバース,-
1414,ショーボンドホールディングス,建設業
1417,ミライト・ワン,建設業
1418,インターライフホールディングス,建設業
1419,タマホーム,建設業
141A,トライアルホールディングス,小売業
1420,サンヨーホームズ,建設業
1429,日本アクア,建設業
142A,ジンジブ,サービス業
1430,ファーストコーポレーション,建設業
1431,Ｌｉｂ　Ｗｏｒｋ,建設業
1432,動力,建設業
1433,ベステラ,建設業
1434,ＪＥＳＣＯホールディングス,建設業
1435,ｒｏｂｏｔ　ｈｏｍｅ,不動産業
1436,グリーンエナジー＆カンパニー,建設業
1438,岐阜造園,建設業
143A,イシン,サービス業
1443,技研ホールディングス,建設業
1444,ニッソウ,建設業
1445,ひかりホールディングス,建設業
1446,キャンディル,建設業
1447,ＳＡＡＦホールディングス,建設業
144A,エネルギーパワー,建設業
1450,ＴＡＮＡＫＥＮ,建設業
1452,横浜ライト工業,建設業
1456,ｉＦｒｅｅＥＴＦ　日経平均インバース・インデックス,-
1457,ｉＦｒｅｅＥＴＦ　ＴＯＰＩＸインバース（－１倍）指数,-
1458,楽天ＥＴＦ‐日経レバレッジ指数連動型,-
1459,楽天ＥＴＦ‐日経ダブルインバース指数連動型,-
145A,Ｌ　ｉｓ　Ｂ,情報・通信業
1466,ｉＦｒｅｅＥＴＦ　ＪＰＸ日経４００ダブルインバース・インデックス,-
1469,ＪＰＸ日経４００ベア２倍上場投信（ダブルインバース）,-
146A,コロンビア・ワークス,不動産業
1472,ＮＥＸＴ　ＦＵＮＤＳ　ＪＰＸ日経４００ダブルインバース・インデックス連動型上場投信,-
1473,Ｏｎｅ　ＥＴＦ　トピックス,-
1474,Ｏｎｅ　ＥＴＦ　ＪＰＸ日経４００,-
1475,ｉシェアーズ・コア　ＴＯＰＩＸ　ＥＴＦ,-
1476,ｉシェアーズ・コア　Ｊリート　ＥＴＦ,-
1477,ｉシェアーズ　ＭＳＣＩ　日本株最小分散　ＥＴＦ,-
1478,ｉシェアーズ　ＭＳＣＩ　ジャパン高配当利回り　ＥＴＦ,-
1479,ｉＦｒｅｅＥＴＦ　ＭＳＣＩ日本株人材設備投資指数,-
147A,ソラコム,情報・通信業
1480,ＮＥＸＴ　ＦＵＮＤＳ　野村企業価値分配指数連動型上場投信,-
1481,上場インデックスファンド日本経済貢献株,-
1482,ｉシェアーズ・コア　米国債７－１０年　ＥＴＦ（為替ヘッジあり）,-
1483,ｉシェアーズ　ＪＰＸ／Ｓ＆Ｐ設備・人材投資　ＥＴＦ,-
1484,Ｏｎｅ　ＥＴＦ　ＪＰＸ／Ｓ＆Ｐ　設備・人材投資指数,-
1485,ＭＡＸＩＳ　ＪＡＰＡＮ　設備・人材積極投資企業２００上場投信,-
1486,上場インデックスファンド米国債券（為替ヘッジなし）,-
1487,上場インデックスファンド米国債券（為替ヘッジあり）,-
1488,ｉＦｒｅｅＥＴＦ　東証ＲＥＩＴ指数,-
1489,ＮＥＸＴ　ＦＵＮＤＳ　日経平均高配当株５０指数連動型上場投信,-
148A,ハッチ・ワーク,情報・通信業
1490,上場インデックスファンドＭＳＣＩ日本株高配当低ボラティリティ（βヘッジ）,-
1491,中外鉱業,非鉄金属
1493,Ｏｎｅ　ＥＴＦ　ＪＰＸ日経中小型,-
1494,Ｏｎｅ　ＥＴＦ　高配当日本株,-
1495,上場インデックスファンドアジアリート,-
1496,ｉシェアーズ　米ドル建て投資適格社債　ＥＴＦ（為替ヘッジあり）,-
1497,ｉシェアーズ　米ドル建てハイイールド社債　ＥＴＦ（為替ヘッジあり）,-
1498,Ｏｎｅ　ＥＴＦ　ＥＳＧ,-
1499,ＭＡＸＩＳ日本株高配当７０マーケットニュートラル上場投信,-
149A,シンカ,情報・通信業
150A,ＪＳＨ,サービス業
1514,住石ホールディングス,鉱業
1515,日鉄鉱業,鉱業
1518,三井松島ホールディングス,その他製品
151A,ダイブ,サービス業
152A,オプティ,卸売業
153A,カウリス,情報・通信業
1540,純金上場信託（現物国内保管型）,-
1541,純プラチナ上場信託（現物国内保管型）,-
1542,純銀上場信託（現物国内保管型）,-
1543,純パラジウム上場信託（現物国内保管型）,-
1545,ＮＥＸＴ　ＦＵＮＤＳ　ＮＡＳＤＡＱ－１００（為替ヘッジなし）連動型上場投信,-
1546,ＮＥＸＴ　ＦＵＮＤＳ　ダウ・ジョーンズ工業株３０種平均株価（為替ヘッジなし）連動型上場投信,-
1547,上場インデックスファンド米国株式（Ｓ＆Ｐ５００）,-
154A,ＧＡＩＡ,その他金融業
1550,ＭＡＸＩＳ　海外株式（ＭＳＣＩコクサイ）上場投信,-
1551,東証スタンダードＴＯＰ２０ＥＴＦ,-
1554,上場インデックスファンド世界株式（ＭＳＣＩ　ＡＣＷＩ）除く日本,-
1555,上場インデックスファンド豪州リート（Ｓ＆Ｐ／ＡＳＸ２００　Ａ－ＲＥＩＴ）,-
1557,ＳＰＤＲ　Ｓ＆Ｐ５００　ＥＴＦ,-
1559,ＮＥＸＴ　ＦＵＮＤＳ　タイ株式ＳＥＴ５０指数連動型上場投信,-
155A,情報戦略テクノロジー,情報・通信業
1560,ＮＥＸＴ　ＦＵＮＤＳ　ＦＴＳＥブルサ・マレーシアＫＬＣＩ連動型上場投信,-
1563,東証グロース・コアＥＴＦ,-
1566,上場インデックスファンド新興国債券,-
1568,ＴＯＰＩＸブル２倍上場投信,-
1569,ＴＯＰＩＸベア上場投信,-
156A,マテリアルグループ,サービス業
1570,ＮＥＸＴ　ＦＵＮＤＳ　日経平均レバレッジ・インデックス連動型上場投信,-
1571,ＮＥＸＴ　ＦＵＮＤＳ　日経平均インバース・インデックス連動型上場投信,-
1572,中国Ｈ株ブル２倍上場投信,-
1573,中国Ｈ株ベア上場投信,-
1577,ＮＥＸＴ　ＦＵＮＤＳ　野村日本株高配当７０連動型上場投信,-
1578,上場インデックスファンド日経２２５（ミニ）,-
1579,日経平均ブル２倍上場投信,-
157A,グリーンモンスター,サービス業
1580,日経平均ベア上場投信,-
1585,ｉＦｒｅｅＥＴＦ　ＴＯＰＩＸ　Ｅｘ－Ｆｉｎａｎｃｉａｌｓ,-
1586,上場インデックスファンドＴＯＰＩＸ　Ｅｘ－Ｆｉｎａｎｃｉａｌｓ,-
158A,エクセリ,小売業
1591,ＮＥＸＴ　ＦＵＮＤＳ　ＪＰＸ日経インデックス４００連動型上場投信,-
1592,上場インデックスファンドＪＰＸ日経インデックス４００,-
1593,ＭＡＸＩＳ　ＪＰＸ日経インデックス４００上場投信,-
1595,ＮＺＡＭ　上場投信　東証ＲＥＩＴ指数,-
1596,ＮＺＡＭ　上場投信　ＴＯＰＩＸ　Ｅｘ－Ｆｉｎａｎｃｉａｌｓ,-
1597,ＭＡＸＩＳ　Ｊリート上場投信,-
1599,ｉＦｒｅｅＥＴＦ　ＪＰＸ日経４００,-
159A,ＮＥＸＴ　ＦＵＮＤＳ　ＪＰＸプライム１５０指数連動型上場投信,-
1605,ＩＮＰＥＸ,鉱業
160A,アズパートナーズ,サービス業
1615,ＮＥＸＴ　ＦＵＮＤＳ　東証銀行業株価指数連動型上場投信,-
1617,ＮＥＸＴ　ＦＵＮＤＳ　食品（ＴＯＰＩＸ－１７）上場投信,-
1618,ＮＥＸＴ　ＦＵＮＤＳ　エネルギー資源（ＴＯＰＩＸ－１７）上場投信,-
1619,ＮＥＸＴ　ＦＵＮＤＳ　建設・資材（ＴＯＰＩＸ－１７）上場投信,-
161A,三葉,サービス業
1620,ＮＥＸＴ　ＦＵＮＤＳ　素材・化学（ＴＯＰＩＸ－１７）上場投信,-
1621,ＮＥＸＴ　ＦＵＮＤＳ　医薬品（ＴＯＰＩＸ－１７）上場投信,-
1622,ＮＥＸＴ　ＦＵＮＤＳ　自動車・輸送機（ＴＯＰＩＸ－１７）上場投信,-
1623,ＮＥＸＴ　ＦＵＮＤＳ　鉄鋼・非鉄（ＴＯＰＩＸ－１７）上場投信,-
1624,ＮＥＸＴ　ＦＵＮＤＳ　機械（ＴＯＰＩＸ－１７）上場投信,-
1625,ＮＥＸＴ　ＦＵＮＤＳ　電機・精密（ＴＯＰＩＸ－１７）上場投信,-
1626,ＮＥＸＴ　ＦＵＮＤＳ　情報通信・サービスその他（ＴＯＰＩＸ－１７）上場投信,-
1627,ＮＥＸＴ　ＦＵＮＤＳ　電力・ガス（ＴＯＰＩＸ－１７）上場投信,-
1628,ＮＥＸＴ　ＦＵＮＤＳ　運輸・物流（ＴＯＰＩＸ－１７）上場投信,-
1629,ＮＥＸＴ　ＦＵＮＤＳ　商社・卸売（ＴＯＰＩＸ－１７）上場投信,-
162A,ＡＩセレクトメガトレンド　日本株（ネットリターン）ＥＴＮ,-
1630,ＮＥＸＴ　ＦＵＮＤＳ　小売（ＴＯＰＩＸ－１７）上場投信,-
1631,ＮＥＸＴ　ＦＵＮＤＳ　銀行（ＴＯＰＩＸ－１７）上場投信,-
1632,ＮＥＸＴ　ＦＵＮＤＳ　金融（除く銀行）（ＴＯＰＩＸ－１７）上場投信,-
1633,ＮＥＸＴ　ＦＵＮＤＳ　不動産（ＴＯＰＩＸ－１７）上場投信,-
163A,半導体フォーカス　日本株（ネットリターン）ＥＴＮ,-
164A,アップルパーク,不動産業
1651,ｉＦｒｅｅＥＴＦ　ＴＯＰＩＸ高配当４０指数,-
1652,ｉＦｒｅｅＥＴＦ　ＭＳＣＩ日本株女性活躍指数（ＷＩＮ）,-
1653,ｉＦｒｅｅＥＴＦ　ＭＳＣＩジャパンＥＳＧセレクト・リーダーズ指数,-
1654,ｉＦｒｅｅＥＴＦ　ＦＴＳＥ　ＪＰＸ　Ｂｌｏｓｓｏｍ　Ｊａｐａｎ　Ｉｎｄｅｘ,-
1655,ｉシェアーズ　Ｓ＆Ｐ　５００　米国株　ＥＴＦ,-
1656,ｉシェアーズ・コア　米国債７－１０年　ＥＴＦ,-
1657,ｉシェアーズ・コア　ＭＳＣＩ　先進国株（除く日本）ＥＴＦ,-
1658,ｉシェアーズ・コア　ＭＳＣＩ　新興国株　ＥＴＦ,-
1659,ｉシェアーズ　米国リート　ＥＴＦ,-
1660,ＭＡＸＩＳ高利回りＪリート上場投信,-
1662,石油資源開発,鉱業
1663,Ｋ＆Ｏエナジーグループ,鉱業
166A,タスキホールディングス,不動産業
1671,ＷＴＩ原油価格連動型上場投信,-
1672,ＷｉｓｄｏｍＴｒｅｅ　金上場投資信託,-
1673,ＷｉｓｄｏｍＴｒｅｅ　銀上場投資信託,-
1674,ＷｉｓｄｏｍＴｒｅｅ　白金上場投資信託,-
1675,ＷｉｓｄｏｍＴｒｅｅ　パラジウム上場投資信託,-
1676,ＷｉｓｄｏｍＴｒｅｅ　貴金属バスケット上場投資信託,-
1677,上場インデックスファンド海外債券（ＦＴＳＥ　ＷＧＢＩ）毎月分配型,-
1678,ＮＥＸＴ　ＦＵＮＤＳ　インド株式指数・Ｎｉｆｔｙ　５０　連動型上場投信,-
1679,Ｓｉｍｐｌｅ－Ｘ　ＮＹ　ダウ・ジョーンズ・インデックス上場投信,-
167A,リョーサン菱洋ホールディングス,卸売業
1680,上場インデックスファンド海外先進国株式（ＭＳＣＩ－ＫＯＫＵＳＡＩ）,-
1681,上場インデックスファンド海外新興国株式（ＭＳＣＩ　エマージング）,-
1684,ＷｉｓｄｏｍＴｒｅｅ　ブロード上場投資信託,-
1685,ＷｉｓｄｏｍＴｒｅｅ　エネルギー上場投資信託,-
1686,ＷｉｓｄｏｍＴｒｅｅ　産業用金属上場投資信託,-
1687,ＷｉｓｄｏｍＴｒｅｅ　農産物上場投資信託,-
1688,ＷｉｓｄｏｍＴｒｅｅ　穀物上場投資信託,-
1689,ＷｉｓｄｏｍＴｒｅｅ　天然ガス上場投資信託,-
168A,イタミアート,その他製品
1690,ＷｉｓｄｏｍＴｒｅｅ　ＷＴＩ　原油上場投資信託,-
1691,ＷｉｓｄｏｍＴｒｅｅ　ガソリン上場投資信託,-
1692,ＷｉｓｄｏｍＴｒｅｅ　アルミニウム上場投資信託,-
1693,ＷｉｓｄｏｍＴｒｅｅ　銅上場投資信託,-
1694,ＷｉｓｄｏｍＴｒｅｅ　ニッケル上場投資信託,-
1695,ＷｉｓｄｏｍＴｒｅｅ　小麦上場投資信託,-
1696,ＷｉｓｄｏｍＴｒｅｅ　とうもろこし上場投資信託,-
1697,ＷｉｓｄｏｍＴｒｅｅ　大豆上場投資信託,-
1698,上場インデックスファンド日本高配当（東証配当フォーカス１００）,-
1699,ＮＥＸＴ　ＦＵＮＤＳ　ＮＯＭＵＲＡ　原油インデックス連動型上場投信,-
170A,ＳＭＴ　ＥＴＦ日本好配当株アクティブ,-
1711,ＳＤＳホールディングス,建設業
1716,第一カッター興業,建設業
1717,明豊ファシリティワークス,サービス業
1718,美樹工業,建設業
1719,安藤・間,建設業
171A,ゼロジャパン,卸売業
1720,東急建設,建設業
1721,コムシスホールディングス,建設業
1723,日本電技,建設業
1724,シンクレイヤ,建設業
1726,ビーアールホールディングス,建設業
172A,ネオホーム,不動産業
1736,オーテック,建設業
173A,ハンモック,情報・通信業
1758,太洋基礎工業,建設業
175A,Ｗｉｌｌ　Ｓｍａｒｔ,情報・通信業
1762,高松コンストラクショングループ,建設業
1764,工藤建設,建設業
1766,東建コーポレーション,建設業
1768,ソネック,建設業
176A,レジル,電気・ガス業
1770,藤田エンジニアリング,建設業
1773,ワイ・ティー・エル・コーポレーション・バーハッド,建設業
1776,三井住建道路,建設業
177A,コージンバイオ,化学
1780,ヤマウラ,建設業
1783,ｆａｎｔａｓｉｓｔａ,不動産業
1786,オリエンタル白石,建設業
1787,ナカボーテック,建設業
1788,三東工業社,建設業
178A,グローバルＸ　革新的優良企業　ＥＴＦ,-
1793,大本組,建設業
1795,マサル,建設業
1798,守谷商会,建設業
1799,第一建設工業,建設業
179A,グローバルＸ　超長期米国債　ＥＴＦ（為替ヘッジあり）,-
1801,大成建設,建設業
1802,大林組,建設業
1803,清水建設,建設業
1807,佐藤渡辺,建設業
1808,長谷工コーポレーション,建設業
180A,グローバルＸ　超長期米国債　ＥＴＦ,-
1810,松井建設,建設業
1811,錢高組,建設業
1812,鹿島建設,建設業
1813,不動テトラ,建設業
1814,大末建設,建設業
1815,鉄建建設,建設業
181A,ＭＡＸＩＳ米国国債１－３年上場投信（為替ヘッジなし）,-
1820,西松建設,建設業
1822,大豊建設,建設業
1826,佐田建設,建設業
1827,ナカノフドー建設,建設業
1828,田辺工業,建設業
182A,ＭＡＸＩＳ米国国債２０年超上場投信（為替ヘッジなし）,-
1833,奥村組,建設業
1835,東鉄工業,建設業
183A,ＭＡＸＩＳ米国国債２０年超上場投信（為替ヘッジあり）,-
1840,土屋ホールディングス,建設業
1841,サンユー建設,建設業
1844,大盛工業,建設業
1847,イチケン,建設業
1848,富士ピー・エス,建設業
184A,学びエイド,情報・通信業
1850,南海辰村建設,建設業
1852,淺沼組,建設業
1853,森組,建設業
185A,リサイクルテック・ジャパン,サービス業
1860,戸田建設,建設業
1861,熊谷組,建設業
1866,北野建設,建設業
1867,植木組,建設業
186A,アストロスケールホールディングス,サービス業
1870,矢作建設工業,建設業
1871,ピーエス・コンストラクション,建設業
1873,日本ハウスホールディングス,建設業
1878,大東建託,不動産業
1879,新日本建設,建設業
1882,東亜道路工業,建設業
1885,東亜建設工業,建設業
1887,日本国土開発,建設業
1888,若築建設,建設業
188A,グローバルＸ　インド・トップ１０＋　ＥＴＦ,-
1893,五洋建設,建設業
1897,金下建設,建設業
1898,世紀東急工業,建設業
1899,福田組,建設業
189A,Ｄ＆Ｍカンパニー,サービス業
1904,大成温調,建設業
1905,テノックス,建設業
1909,日本ドライケミカル,機械
190A,Ｃｈｏｒｄｉａ　Ｔｈｅｒａｐｅｕｔｉｃｓ,医薬品
1911,住友林業,建設業
1914,日本基礎技術,建設業
191A,ミモザ,サービス業
1921,巴コーポレーション,建設業
1925,大和ハウス工業,建設業
1926,ライト工業,建設業
1928,積水ハウス,建設業
1929,日特建設,建設業
192A,インテグループ,サービス業
1930,北陸電気工事,建設業
1934,ユアテック,建設業
1938,日本リーテック,建設業
1939,四電工,建設業
1941,中電工,建設業
1942,関電工,建設業
1944,きんでん,建設業
1945,東京エネシス,建設業
1946,トーエネック,建設業
1948,弘電社,建設業
1949,住友電設,建設業
194A,ＷＯＬＶＥＳ　ＨＡＮＤ,サービス業
1950,日本電設工業,建設業
1951,エクシオグループ,建設業
1952,新日本空調,建設業
1959,クラフティア,建設業
195A,ＭＵＳＣＡＴ　ＧＲＯＵＰ,サービス業
1960,サンテック,建設業
1961,三機工業,建設業
1963,日揮ホールディングス,建設業
1964,中外炉工業,建設業
1965,テクノ菱和,建設業
1966,高田工業所,建設業
1967,ヤマト,建設業
1968,太平電業,建設業
1969,高砂熱学工業,建設業
196A,ＭＦＳ,その他金融業
1972,三晃金属工業,建設業
1975,朝日工業社,建設業
1976,明星工業,建設業
1979,大氣社,建設業
197A,タウンズ,医薬品
1980,ダイダン,建設業
1981,協和日成,建設業
1982,日比谷総合設備,建設業
198A,ＰｏｓｔＰｒｉｍｅ,情報・通信業
1992,神田通信機,建設業
1994,高橋カーテンウォール工業,建設業
1997,暁飯島工業,建設業
199A,メディエア,情報・通信業
2001,ニップン,食料品
2002,日清製粉グループ本社,食料品
2003,日東富士製粉,食料品
2004,昭和産業,食料品
2009,鳥越製粉,食料品
200A,ＮＥＸＴ　ＦＵＮＤＳ　日経半導体株指数連動型上場投信,-
2011,ＳＭＤＡＭ　Ａｃｔｉｖｅ　ＥＴＦ　日本高配当株式,-
2012,ｉシェアーズ　米国債０－３ヶ月　ＥＴＦ,-
2013,ｉシェアーズ　米国高配当株　ＥＴＦ,-
2014,ｉシェアーズ　米国連続増配株　ＥＴＦ,-
2015,ｉＦｒｅｅＥＴＦ　米国国債７－１０年（為替ヘッジなし）,-
2016,ｉＦｒｅｅＥＴＦ　米国国債７－１０年（為替ヘッジあり）,-
2017,ｉＦｒｅｅＥＴＦ　ＪＰＸプライム１５０,-
2018,グローバルＸ　ＵＳ　ＲＥＩＴ・トップ２０　ＥＴＦ,-
2019,グローバルＸ　米国優先証券　ＥＴＦ（隔月分配型）,-
201A,ｉシェアーズ　Ｎｉｆｔｙ　５０　インド株　ＥＴＦ,-
202A,豆蔵,情報・通信業
2031,ＮＥＸＴ　ＮＯＴＥＳ　香港ハンセン・ダブル・ブル　ＥＴＮ,-
2032,ＮＥＸＴ　ＮＯＴＥＳ　香港ハンセン・ベア　ＥＴＮ,-
2033,ＮＥＸＴ　ＮＯＴＥＳ　韓国ＫＯＳＰＩ・ダブル・ブル　ＥＴＮ,-
2034,ＮＥＸＴ　ＮＯＴＥＳ　韓国ＫＯＳＰＩ・ベア　ＥＴＮ,-
2036,ＮＥＸＴ　ＮＯＴＥＳ　金先物　ダブル・ブル　ＥＴＮ,-
2037,ＮＥＸＴ　ＮＯＴＥＳ　金先物　ベア　ＥＴＮ,-
2038,ＮＥＸＴ　ＮＯＴＥＳ　ドバイ原油先物　ダブル・ブル　ＥＴＮ,-
2039,ＮＥＸＴ　ＮＯＴＥＳ　ドバイ原油先物　ベア　ＥＴＮ,-
203A,シュンビン,サービス業
2040,ＮＥＸＴ　ＮＯＴＥＳ　ＮＹダウ・ダブル・ブル・ドルヘッジ　ＥＴＮ,-
2041,ＮＥＸＴ　ＮＯＴＥＳ　ＮＹダウ・ベア・ドルヘッジ　ＥＴＮ,-
2042,ＮＥＸＴ　ＮＯＴＥＳ　東証グロース市場２５０　ＥＴＮ,-
2043,ＮＥＸＴ　ＮＯＴＥＳ　ＳＴＯＸＸ　アセアン好配当５０（円、ネットリターン）ＥＴＮ,-
2044,ＮＥＸＴ　ＮＯＴＥＳ　Ｓ＆Ｐ５００　配当貴族（ネットリターン）　ＥＴＮ,-
2045,ＮＥＸＴ　ＮＯＴＥＳ　Ｓ＆Ｐ　シンガポール　リート（ネットリターン）　ＥＴＮ,-
2046,ＮＥＸＴ　ＮＯＴＥＳ　インドＮｉｆｔｙ・ダブル・ブル　ＥＴＮ,-
2047,ＮＥＸＴ　ＮＯＴＥＳ　インドＮｉｆｔｙ・ベア　ＥＴＮ,-
2048,ＮＥＸＴ　ＮＯＴＥＳ　野村日本株高配当７０（ドルヘッジ、ネットリターン）ＥＴＮ,-
204A,タイヨーパッケージ,パルプ・紙
2050,ＮＥＸＴ　ＮＯＴＥＳ　ニッチトップ　中小型日本株（ネットリターン）ＥＴＮ,-
2053,中部飼料,食料品
2055,日和産業,食料品
205A,ロゴスホールディングス,建設業
2060,フィード・ワン,食料品
2065,ＮＥＸＴ　ＮＯＴＥＳ　日本株配当貴族（ドルヘッジ、ネットリターン）ＥＴＮ,-
2066,ＮＥＸＴ　ＮＯＴＥＳ　東証ＲＥＩＴ（ドルヘッジ、ネットリターン）ＥＴＮ,-
2067,ＮＥＸＴ　ＮＯＴＥＳ　野村ＡＩビジネス７０（ネットリターン）ＥＴＮ,-
2068,ＮＥＸＴ　ＮＯＴＥＳ　高ベータ３０（ネットリターン）ＥＴＮ,-
2069,ＮＥＸＴ　ＮＯＴＥＳ　低ベータ５０（ネットリターン）ＥＴＮ,-
206A,ＰＲＩＳＭ　ＢｉｏＬａｂ,医薬品
2070,スマートＥＳＧ３０女性活躍（ネットリターン）ＥＴＮ,-
2071,スマートＥＳＧ３０総合（ネットリターン）ＥＴＮ,-
2072,トップシェアインデックス（ネットリターン）ＥＴＮ,-
2073,スマートＥＳＧ３０低カーボンリスク（ネットリターン）ＥＴＮ,-
207A,ライジングコーポレーション,建設業
2080,ＰＢＲ１倍割れ解消推進ＥＴＦ,-
2081,政策保有解消推進ＥＴＦ,-
2082,投資家経営者一心同体ＥＴＦ,-
2083,ＮＥＸＴ　ＦＵＮＤＳ　日本成長株アクティブ上場投信,-
2084,ＮＥＸＴ　ＦＵＮＤＳ　日本高配当株アクティブ上場投信,-
2085,ＭＡＸＩＳ高配当日本株アクティブ上場投信,-
2086,ＮＺＡＭ　上場投信　Ｓ＆Ｐ５００（為替ヘッジあり）,-
2087,ＮＺＡＭ　上場投信　ＮＡＳＤＡＱ１００（為替ヘッジあり）,-
2088,ＮＺＡＭ　上場投信　ＮＹダウ３０（為替ヘッジあり）,-
2089,ＮＺＡＭ　上場投信　ＤＡＸ（為替ヘッジあり）,-
208A,構造計画研究所ホールディングス,情報・通信業
2090,ＮＺＡＭ　上場投信　米国国債７－１０年（為替ヘッジあり）,-
2091,ＮＺＡＭ　上場投信　ドイツ国債７－１０年（為替ヘッジあり）,-
2092,ＮＺＡＭ　上場投信　フランス国債７－１０年（為替ヘッジあり）,-
2093,上場Ｔｒａｃｅｒｓ　米国債０－２年ラダー（為替ヘッジなし）,-
2094,東証ＲＥＩＴインバースＥＴＦ,-
2095,グローバルＸ　Ｓ＆Ｐ５００配当貴族　ＥＴＦ（為替ヘッジあり）,-
2096,グローバルＸ　オフィス・Ｊ－ＲＥＩＴ　ＥＴＦ,-
2097,グローバルＸ　レジデンシャル・Ｊ－ＲＥＩＴ　ＥＴＦ,-
2098,グローバルＸ　ホテル＆リテール・Ｊ－ＲＥＩＴ　ＥＴＦ,-
209A,小野谷機工,機械
2108,日本甜菜製糖,食料品
2109,ＤＭ三井製糖,食料品
210A,ｉＦｒｅｅＥＴＦ　日経高利回りＲＥＩＴ指数,-
2112,塩水港精糖,食料品
2114,フジ日本,食料品
2117,ウェルネオシュガー,食料品
211A,カドス・コーポレーション,建設業
2120,ＬＩＦＵＬＬ,サービス業
2121,ＭＩＸＩ,情報・通信業
2122,インタースペース,サービス業
2124,ジェイエイシーリクルートメント,サービス業
2127,日本Ｍ＆Ａセンターホールディングス,サービス業
212A,フィットイージー,サービス業
2130,メンバーズ,サービス業
2134,北浜キャピタルパートナーズ,サービス業
2136,ヒップ,サービス業
2138,クルーズ,情報・通信業
2139,中広,サービス業
213A,上場インデックスファンド日経半導体株,-
2146,ＵＴグループ,サービス業
2148,アイティメディア,サービス業
2152,幼児活動研究会,サービス業
2153,Ｅ・Ｊホールディングス,サービス業
2154,オープンアップグループ,サービス業
2156,セーラー広告,サービス業
2157,コシダカホールディングス,サービス業
2158,ＦＲＯＮＴＥＯ,サービス業
215A,タイミー,サービス業
2160,ジーエヌアイグループ,医薬品
2162,ｎｍｓ　ホールディングス,サービス業
2163,アルトナー,サービス業
2164,地域新聞社,サービス業
2168,パソナグループ,サービス業
2169,ＣＤＳ,サービス業
216A,ライフクリエイト,小売業
2170,リンクアンドモチベーション,サービス業
2173,博展,サービス業
2175,エス・エム・エス,サービス業
2179,成学社,サービス業
217A,サポート,サービス業
2180,サニーサイドアップグループ,サービス業
2181,パーソルホールディングス,サービス業
2183,リニカル,サービス業
2185,シイエム・シイ,サービス業
2186,ソーバル,サービス業
218A,Ｌｉｂｅｒａｗａｒｅ,精密機器
2193,クックパッド,サービス業
2195,アミタホールディングス,サービス業
2196,エスクリ,サービス業
2198,アイ・ケイ・ケイホールディングス,サービス業
219A,Ｈｅａｒｔｓｅｅｄ,医薬品
2201,森永製菓,食料品
2204,中村屋,食料品
2206,江崎グリコ,食料品
2207,ｍｅｉｔｏ,食料品
2208,ブルボン,食料品
2209,井村屋グループ,食料品
220A,Ｆａｂｅｒ　Ｃｏｍｐａｎｙ,情報・通信業
2211,不二家,食料品
2212,山崎製パン,食料品
2215,第一屋製パン,食料品
2216,カンロ,食料品
2217,モロゾフ,食料品
221A,ＭＡＸＩＳ日経半導体株上場投信,-
2220,亀田製菓,食料品
2221,岩塚製菓,食料品
2222,寿スピリッツ,食料品
2224,コモ,食料品
2226,湖池屋,食料品
2229,カルビー,食料品
222A,ＮＩＣＳ,情報・通信業
2235,上場インデックスファンド米国株式（ダウ平均）為替ヘッジなし,-
2236,グローバルＸ　Ｓ＆Ｐ５００配当貴族ＥＴＦ,-
2237,ｉＦｒｅｅＥＴＦ　Ｓ＆Ｐ５００レバレッジ,-
2238,ｉＦｒｅｅＥＴＦ　Ｓ＆Ｐ５００インバース,-
2239,上場インデックスファンドＳ＆Ｐ５００先物レバレッジ２倍,-
223A,グローバルＸ　ＡＩ＆ビッグデータ　ＥＴＦ,-
2240,上場インデックスファンドＳ＆Ｐ５００先物インバース,-
2241,ＭＡＸＩＳ　ＮＹダウ上場投信,-
2242,ＭＡＸＩＳ　ＮＹダウ上場投信（為替ヘッジあり）,-
2243,グローバルＸ　半導体　ＥＴＦ,-
2244,グローバルＸ　ＵＳ　テック・トップ２０　ＥＴＦ,-
2245,ＮＥＸＴ　ＦＵＮＤＳ　ブルームバーグ・ドイツ国債（７－１０年）インデックス（為替ヘッジあり）連動型上場投信,-
2246,ＮＥＸＴ　ＦＵＮＤＳ　ブルームバーグ・フランス国債（７－１０年）インデックス（為替ヘッジあり）連動型上場投信,-
2247,ｉＦｒｅｅＥＴＦ　Ｓ＆Ｐ５００（為替ヘッジなし）,-
2248,ｉＦｒｅｅＥＴＦ　Ｓ＆Ｐ５００（為替ヘッジあり）,-
2249,ｉＦｒｅｅＥＴＦ　Ｓ＆Ｐ５００ダブルインバース,-
224A,グローバルＸ　ウラニウムビジネス　ＥＴＦ,-
2250,ｉシェアーズ　ＭＳＣＩ　ジャパン気候変動アクション　ＥＴＦ,-
2251,ＮＥＸＴ　ＦＵＮＤＳ　ＪＰＸ国債先物ダブルインバース指数連動型上場投信,-
2252,グローバルＸ　Ｍｏｒｎｉｎｇｓｔａｒ　米国中小型　Ｍｏａｔ　ＥＴＦ,-
2253,グローバルＸ　スーパーディビィデンド－ＵＳ　ＥＴＦ,-
2254,グローバルＸ　チャイナＥＶ＆バッテリー　ＥＴＦ,-
2255,ｉシェアーズ　米国債２０年超　ＥＴＦ,-
2256,ｉシェアーズ　米国総合債券　ＥＴＦ,-
2257,ｉシェアーズ　米ドル建て投資適格社債　ＥＴＦ,-
2258,ｉシェアーズ　米ドル建てハイイールド社債　ＥＴＦ,-
2259,ｉシェアーズ　フランス国債７－１０年　ＥＴＦ（為替ヘッジあり）,-
2264,森永乳業,食料品
2266,六甲バター,食料品
2267,ヤクルト本社,食料品
2268,Ｂ－Ｒ　サーティワン　アイスクリーム,食料品
2269,明治ホールディングス,食料品
226A,勝美ジャパン,食料品
2270,雪印メグミルク,食料品
227A,ＩＮＳＩＧＨＴ　ＬＡＢ,情報・通信業
2281,プリマハム,食料品
2282,日本ハム,食料品
2286,林兼産業,食料品
2288,丸大食品,食料品
228A,オプロ,情報・通信業
2291,福留ハム,食料品
2292,Ｓ　Ｆｏｏｄｓ,食料品
2293,滝沢ハム,食料品
2294,柿安本店,食料品
2296,伊藤ハム米久ホールディングス,食料品
229A,アスミホールディングス,建設業
2300,きょくとう,サービス業
2301,学情,サービス業
2303,ドーン,情報・通信業
2304,ＣＳＳホールディングス,サービス業
2305,スタジオアリス,サービス業
2307,クロスキャット,情報・通信業
2311,エプコ,サービス業
2315,ＣＡＩＣＡ　ＤＩＧＩＴＡＬ,情報・通信業
2317,システナ,情報・通信業
2321,ソフトフロントホールディングス,情報・通信業
2323,ｆｏｎｆｕｎ,情報・通信業
2325,ＮＪＳ,サービス業
2326,デジタルアーツ,情報・通信業
2327,日鉄ソリューションズ,情報・通信業
2329,東北新社,情報・通信業
2330,フォーサイド,情報・通信業
2331,ＡＬＳＯＫ,サービス業
2332,クエスト,情報・通信業
2334,イオレ,サービス業
2335,キューブシステム,情報・通信業
2337,いちご,不動産業
2338,クオンタムソリューションズ,情報・通信業
233A,ｉＦｒｅｅＥＴＦ　インドＮｉｆｔｙ５０,-
2340,極楽湯ホールディングス,サービス業
2341,アルバイトタイムス,サービス業
2342,トランスジェニックグループ,サービス業
2344,平安レイサービス,サービス業
2345,クシム,情報・通信業
2349,エヌアイデイ,情報・通信業
234A,グローバルＸ　ＭＳＣＩ　キャッシュフローキング－日本株式　ＥＴＦ,-
2351,ＡＳＪ,情報・通信業
2353,日本駐車場開発,不動産業
2354,ＹＥ　ＤＩＧＩＴＡＬ,情報・通信業
2359,コア,情報・通信業
235A,グローバルＸ　高配当３０－日本株式　ＥＴＦ,-
236A,ｉシェアーズ　日本国債７－１０年　ＥＴＦ,-
2370,メディネット,サービス業
2371,カカクコム,サービス業
2373,ケア２１,サービス業
2374,セントケア・ホールディング,サービス業
2375,ギグワークス,サービス業
2376,サイネックス,サービス業
2378,ルネサンス,サービス業
2379,ディップ,サービス業
237A,ｉシェアーズ　米国債２５年超　ロングデュレーション　ＥＴＦ,-
2384,ＳＢＳホールディングス,陸運業
2385,総医研ホールディングス,サービス業
2388,ウェッジホールディングス,その他金融業
2389,デジタルホールディングス,サービス業
238A,ｉシェアーズ　米国債２５年超　ロングデュレーション　ＥＴＦ（為替ヘッジあり）,-
2391,プラネット,サービス業
2393,日本ケアサプライ,サービス業
2395,新日本科学,サービス業
239A,バレッグス,不動産業
2404,鉄人化ホールディングス,サービス業
2408,ＫＧ情報,サービス業
2410,キャリアデザインセンター,サービス業
2411,ゲンダイエージェンシー,情報・通信業
2413,エムスリー,サービス業
2415,ヒューマンホールディングス,サービス業
2418,ツカダ・グローバルホールディング,サービス業
241A,ＲＯＸＸ,情報・通信業
2424,ブラス,サービス業
2425,ケアサービス,サービス業
2428,ウェルネット,サービス業
2429,ワールドホールディングス,サービス業
2432,ディー・エヌ・エー,情報・通信業
2433,博報堂ＤＹホールディングス,サービス業
2435,シダー,サービス業
2436,共同ピーアール,サービス業
2437,Ｓｈｉｎｗａ　Ｗｉｓｅ　Ｈｏｌｄｉｎｇｓ,サービス業
2438,アスカネット,サービス業
243A,トップス,食料品
2440,ぐるなび,サービス業
2445,タカミヤ,サービス業
2449,プラップジャパン,サービス業
244A,グロースエクスパートナーズ,情報・通信業
2452,コンピュータマインド,情報・通信業
2454,オールアバウト,サービス業
2459,アウンコンサルティング,サービス業
245A,ＩＮＧＳ,小売業
2461,ファンコミュニケーションズ,サービス業
2462,ライク,サービス業
2464,Ａｏｂａ‐ＢＢＴ,サービス業
2469,ヒビノ,サービス業
246A,アスア,サービス業
2471,エスプール,サービス業
2475,ＷＤＢホールディングス,サービス業
2477,手間いらず,情報・通信業
2479,ジェイテック,サービス業
247A,Ａｉロボティクス,化学
2480,システム・ロケーション,情報・通信業
2481,タウンニュース社,サービス業
2483,翻訳センター,サービス業
2484,出前館,情報・通信業
2485,ティア,サービス業
2488,ＪＴＰ,サービス業
2489,アドウェイズ,サービス業
248A,キッズスター,情報・通信業
2491,バリューコマース,サービス業
2492,インフォマート,サービス業
2493,イーサポートリンク,サービス業
2497,ユナイテッド,サービス業
2498,オリエンタルコンサルタンツホールディングス,サービス業
2499,日本和装ホールディングス,サービス業
249A,ヒューマンアジャスト,サービス業
2501,サッポロホールディングス,食料品
2502,アサヒグループホールディングス,食料品
2503,キリンホールディングス,食料品
250A,シマダヤ,食料品
2510,ＮＥＸＴ　ＦＵＮＤＳ　国内債券・ＮＯＭＵＲＡ－ＢＰＩ総合連動型上場投信,-
2511,ＮＥＸＴ　ＦＵＮＤＳ　外国債券・ＦＴＳＥ世界国債インデックス（除く日本・為替ヘッジなし）連動型上場投信,-
2512,ＮＥＸＴ　ＦＵＮＤＳ　外国債券・ＦＴＳＥ世界国債インデックス（除く日本・為替ヘッジあり）連動型上場投信,-
2513,ＮＥＸＴ　ＦＵＮＤＳ　外国株式・ＭＳＣＩ－ＫＯＫＵＳＡＩ指数（為替ヘッジなし）連動型上場投信,-
2514,ＮＥＸＴ　ＦＵＮＤＳ　外国株式・ＭＳＣＩ－ＫＯＫＵＳＡＩ指数（為替ヘッジあり）連動型上場投信,-
2515,ＮＥＸＴ　ＦＵＮＤＳ　外国ＲＥＩＴ・Ｓ＆Ｐ先進国ＲＥＩＴ指数（除く日本・為替ヘッジなし）連動型上場投信,-
2516,東証グロース２５０ＥＴＦ,-
2517,ＭＡＸＩＳ　Ｊリート・コア上場投信,-
2518,ＮＥＸＴ　ＦＵＮＤＳ　ＭＳＣＩ日本株女性活躍指数（セレクト）連動型上場投信,-
2519,ＮＥＸＴ　ＦＵＮＤＳ　新興国債券・Ｊ．Ｐ．モルガン・エマージング・マーケット・ボンド・インデックス・プラス（為替ヘッジなし）連動型上場投信,-
251A,ニューロマジック,サービス業
2520,ＮＥＸＴ　ＦＵＮＤＳ　新興国株式・ＭＳＣＩエマージング・マーケット・インデックス（為替ヘッジなし）連動型上場投信,-
2521,上場インデックスファンド米国株式（Ｓ＆Ｐ５００）為替ヘッジあり,-
2522,ｉシェアーズ　オートメーション　＆　ロボット　ＥＴＦ,-
2523,ＭＡＸＩＳトピックス（除く金融）上場投信,-
2524,ＮＺＡＭ　上場投信　ＴＯＰＩＸ,-
2525,ＮＺＡＭ　上場投信　日経２２５,-
2526,ＮＺＡＭ　上場投信　ＪＰＸ日経４００,-
2527,ＮＺＡＭ　上場投信　東証ＲＥＩＴ　Ｃｏｒｅ指数,-
2528,ｉＦｒｅｅＥＴＦ　東証ＲＥＩＴ　Ｃｏｒｅ指数,-
2529,ＮＥＸＴ　ＦＵＮＤＳ　野村株主還元７０連動型上場投信,-
252A,ウェッジ,小売業
2530,ＭＡＸＩＳ　ＨｕａＡｎ中国株式（上海１８０Ａ株）上場投信,-
2531,宝ホールディングス,食料品
2533,オエノンホールディングス,食料品
253A,ＥＴＳグループ,建設業
2540,養命酒製造,食料品
254A,ＡＩフュージョンキャピタルグループ,証券、商品先物取引業
2552,上場インデックスファンドＪリート（東証ＲＥＩＴ指数）隔月分配型（ミニ）,-
2553,Ｏｎｅ　ＥＴＦ　南方　中国Ａ株　ＣＳＩ５００,-
2554,ＮＥＸＴ　ＦＵＮＤＳ　ブルームバーグ米国投資適格社債（１－１０年）インデックス（為替ヘッジあり）連動型上場投信,-
2555,東証ＲＥＩＴ　ＥＴＦ,-
2556,Ｏｎｅ　ＥＴＦ　東証ＲＥＩＴ指数,-
2557,ＳＭＤＡＭ　トピックス上場投信,-
2558,ＭＡＸＩＳ米国株式（Ｓ＆Ｐ５００）上場投信,-
2559,ＭＡＸＩＳ全世界株式（オール・カントリー）上場投信,-
255A,ジーエルテクノホールディングス,精密機器
2560,ＭＡＸＩＳカーボン・エフィシェント日本株上場投信,-
2561,ｉシェアーズ・コア　日本国債　ＥＴＦ,-
2562,上場インデックスファンド米国株式（ダウ平均）為替ヘッジあり,-
2563,ｉシェアーズ　Ｓ＆Ｐ　５００　米国株　ＥＴＦ（為替ヘッジあり）,-
2564,グローバルＸ　ＭＳＣＩスーパーディビィデンド－日本株式　ＥＴＦ,-
2565,グローバルＸ　ロジスティクス・Ｊ－ＲＥＩＴ　ＥＴＦ,-
2566,上場インデックスファンド日経ＥＳＧリート,-
2567,ＮＺＡＭ　上場投信　Ｓ＆Ｐ／ＪＰＸカーボン・エフィシェント指数,-
2568,上場インデックスファンド米国株式（ＮＡＳＤＡＱ１００）為替ヘッジなし,-
2569,上場インデックスファンド米国株式（ＮＡＳＤＡＱ１００）為替ヘッジあり,-
256A,飛島ホールディングス,建設業
2573,北海道コカ・コーラボトリング,食料品
2579,コカ・コーラ　ボトラーズジャパンホールディングス,食料品
257A,ＳＭＴ　ＥＴＦ日本株厳選投資アクティブ,-
2585,ライフドリンク　カンパニー,食料品
2586,フルッタフルッタ,食料品
2587,サントリー食品インターナショナル,食料品
2588,プレミアムウォーターホールディングス,食料品
258A,ＳＭＴ　ＥＴＦ国内リート厳選投資アクティブ,-
2590,ダイドーグループホールディングス,食料品
2593,伊藤園,食料品
25935,伊藤園第１種優先株式,食料品
2594,キーコーヒー,食料品
2597,ユニカフェ,食料品
2602,日清オイリオグループ,食料品
2607,不二製油,食料品
2612,かどや製油,食料品
2613,Ｊ－オイルミルズ,食料品
261A,日水コン,サービス業
2620,ｉシェアーズ　米国債１－３年　ＥＴＦ,-
2621,ｉシェアーズ　米国債２０年超　ＥＴＦ（為替ヘッジあり）,-
2622,ｉシェアーズ　米ドル建て新興国債券　ＥＴＦ（為替ヘッジあり）,-
2623,ｉシェアーズ　ユーロ建て投資適格社債　ＥＴＦ（為替ヘッジあり）,-
2624,ｉＦｒｅｅＥＴＦ　日経２２５（年４回決算型）,-
2625,ｉＦｒｅｅＥＴＦ　ＴＯＰＩＸ（年４回決算型）,-
2626,グローバルＸ　デジタル・イノベーション－日本株式　ＥＴＦ,-
2627,グローバルＸ　ｅコマース－日本株式　ＥＴＦ,-
2628,ｉＦｒｅｅＥＴＦ　中国科創板５０（ＳＴＡＲ５０）,-
2629,ｉＦｒｅｅＥＴＦ　中国グレーターベイエリア・イノベーション１００（ＧＢＡ１００）,-
262A,インターメスティック,小売業
2630,ＭＡＸＩＳ米国株式（Ｓ＆Ｐ５００）上場投信（為替ヘッジあり）,-
2631,ＭＡＸＩＳナスダック１００上場投信,-
2632,ＭＡＸＩＳナスダック１００上場投信（為替ヘッジあり）,-
2633,ＮＥＸＴ　ＦＵＮＤＳ　Ｓ＆Ｐ　５００　指数（為替ヘッジなし）連動型上場投信,-
2634,ＮＥＸＴ　ＦＵＮＤＳ　Ｓ＆Ｐ　５００　指数（為替ヘッジあり）連動型上場投信,-
2636,グローバルＸ　ＭＳＣＩ　ガバナンス・クオリティ－日本株式　ＥＴＦ,-
2637,グローバルＸ　クリーンテック－日本株式　ＥＴＦ,-
2638,グローバルＸ　ロボティクス＆ＡＩ－日本株式　ＥＴＦ,-
2639,グローバルＸ　バイオ＆メドテック－日本株式　ＥＴＦ,-
263A,デジタルキューブ,情報・通信業
2640,グローバルＸ　ゲーム＆アニメ－日本株式　ＥＴＦ,-
2641,グローバルＸ　グローバルリーダーズ－日本株式　ＥＴＦ,-
2642,ＳＭＴ　ＥＴＦカーボン・エフィシェント日本株,-
2643,ＮＥＸＴ　ＦＵＮＤＳ　ＭＳＣＩジャパンカントリー指数（セレクト）連動型上場投信,-
2644,グローバルＸ　半導体関連－日本株式　ＥＴＦ,-
2645,グローバルＸ　レジャー＆エンターテインメント－日本株式　ＥＴＦ,-
2646,グローバルＸ　メタルビジネス－日本株式　ＥＴＦ,-
2647,ＮＥＸＴ　ＦＵＮＤＳ　ブルームバーグ米国国債（７－１０年）インデックス（為替ヘッジなし）連動型上場投信,-
2648,ＮＥＸＴ　ＦＵＮＤＳ　ブルームバーグ米国国債（７－１０年）インデックス（為替ヘッジあり）連動型上場投信,-
2649,ｉシェアーズ　米国政府系機関ジニーメイＭＢＳ　ＥＴＦ（為替ヘッジあり）,-
264A,Ｓｃｈｏｏ,サービス業
2652,まんだらけ,小売業
2653,イオン九州,小売業
2654,アスモ,小売業
2656,ベクターホールディングス,小売業
2659,サンエー,小売業
265A,Ｈｍｃｏｍｍ,情報・通信業
2664,カワチ薬品,小売業
2666,オートウェーブ,小売業
2667,イメージ　ワン,卸売業
2668,タビオ,卸売業
2669,カネ美食品,小売業
266A,グローカルマーケティング,サービス業
2670,エービーシー・マート,小売業
2673,夢みつけ隊,小売業
2674,ハードオフコーポレーション,小売業
2676,高千穂交易,卸売業
2678,アスクル,小売業
267A,トワライズ,その他金融業
2681,ゲオホールディングス,小売業
2683,魚喜,小売業
2685,アンドエスティＨＤ,小売業
2686,ジーフット,小売業
2687,シー・ヴイ・エス・ベイエリア,サービス業
2689,オルバヘルスケアホールディングス,卸売業
268A,リガク・ホールディングス,精密機器
2692,伊藤忠食品,卸売業
2693,ＹＫＴ,卸売業
2694,焼肉坂井ホールディングス,小売業
2695,くら寿司,小売業
2698,キャンドゥ,小売業
269A,Ｓａｐｅｅｔ,情報・通信業
2700,木徳神糧,卸売業
2702,日本マクドナルドホールディングス,小売業
2705,大戸屋ホールディングス,小売業
2708,久世,卸売業
271A,アクセリア,情報・通信業
2721,ジェイホールディングス,卸売業
2722,ＩＫホールディングス,小売業
2726,パルグループホールディングス,小売業
2730,エディオン,小売業
2733,あらた,卸売業
2734,サーラコーポレーション,小売業
2735,ワッツ,小売業
2736,フェスタリアホールディングス,小売業
2737,トーメンデバイス,卸売業
273A,ＳＢＩ　サウジアラビア株式上場投信,-
2742,ハローズ,小売業
2743,ピクセルカンパニーズ,卸売業
2747,北雄ラッキー,小売業
2749,ＪＰホールディングス,サービス業
274A,ガーデン,小売業
2750,石光商事,卸売業
2751,テンポスホールディングス,卸売業
2752,フジオフードグループ本社,小売業
2753,あみやき亭,小売業
2760,東京エレクトロン　デバイス,卸売業
2762,ＳＡＮＫＯ　ＭＡＲＫＥＴＩＮＧ　ＦＯＯＤＳ,小売業
2763,エフティグループ,卸売業
2764,ひらまつ,小売業
2767,円谷フィールズホールディングス,卸売業
2768,双日,卸売業
2769,ヴィレッジヴァンガードコーポレーション,小売業
276A,ククレブ・アドバイザーズ,不動産業
2776,新都ホールディングス,卸売業
2778,パレモ・ホールディングス,小売業
277A,グロービング,サービス業
2780,コメ兵ホールディングス,小売業
2782,セリア,小売業
2784,アルフレッサ　ホールディングス,卸売業
2788,アップルインターナショナル,卸売業
2789,カルラ,小売業
278A,Ｔｅｒｒａ　Ｄｒｏｎｅ,精密機器
2790,ナフコ,小売業
2791,大黒天物産,小売業
2792,ハニーズホールディングス,小売業
2795,日本プリメックス,卸売業
2796,ファーマライズホールディングス,小売業
2798,ワイズテーブルコーポレーション,小売業
279A,インターグ,サービス業
2801,キッコーマン,食料品
2802,味の素,食料品
2804,ブルドックソース,食料品
2805,ヱスビー食品,食料品
2806,ユタカフーズ,食料品
2809,キユーピー,食料品
280A,ＴＭＨ,卸売業
2810,ハウス食品グループ本社,食料品
2811,カゴメ,食料品
2813,和弘食品,食料品
2814,佐藤食品工業,食料品
2815,アリアケジャパン,食料品
2816,ダイショー,食料品
2818,ピエトロ,食料品
2819,エバラ食品工業,食料品
281A,インフォメティス,情報・通信業
2820,やまみ,食料品
282A,グローバルＸ　半導体・トップ１０－日本株式　ＥＴＦ,-
2831,はごろもフーズ,食料品
2836,グローバルＸ　フィンテック－日本株式　ＥＴＦ,-
2837,グローバルＸ　中小型リーダーズ－日本株式　ＥＴＦ,-
2838,ＭＡＸＩＳ米国国債７－１０年上場投信（為替ヘッジなし）,-
2839,ＭＡＸＩＳ米国国債７－１０年上場投信（為替ヘッジあり）,-
283A,グローバルＸ　ＵＳ　テック・配当貴族　ＥＴＦ,-
2840,ｉＦｒｅｅＥＴＦ　ＮＡＳＤＡＱ１００（為替ヘッジなし）,-
2841,ｉＦｒｅｅＥＴＦ　ＮＡＳＤＡＱ１００（為替ヘッジあり）,-
2842,ｉＦｒｅｅＥＴＦ　ＮＡＳＤＡＱ１００インバース,-
2843,上場インデックスファンド豪州国債（為替ヘッジあり）,-
2844,上場インデックスファンド豪州国債（為替ヘッジなし）,-
2845,ＮＥＸＴ　ＦＵＮＤＳ　ＮＡＳＤＡＱ－１００（為替ヘッジあり）連動型上場投信,-
2846,ＮＥＸＴ　ＦＵＮＤＳ　ダウ・ジョーンズ工業株３０種平均株価（為替ヘッジあり）連動型上場投信,-
2847,グローバルＸ　新成長インフラ－日本株式　ＥＴＦ,-
2848,グローバルＸ　ＭＳＣＩ　気候変動対応－日本株式　ＥＴＦ,-
2849,グローバルＸ　Ｍｏｒｎｉｎｇｓｔａｒ　高配当　ＥＳＧ－日本株式　ＥＴＦ,-
284A,フクヤ建設,建設業
2851,ｉシェアーズ　ＭＳＣＩ　ジャパンＳＲＩ　ＥＴＦ,-
2852,ｉシェアーズ　グリーンＪリート　ＥＴＦ,-
2853,ｉシェアーズ　気候リスク調整世界国債　ＥＴＦ（除く日本・為替ヘッジあり）,-
2854,グローバルＸ　テック・トップ２０－日本株式　ＥＴＦ,-
2855,グローバルＸ　グリーン・Ｊ－ＲＥＩＴ　ＥＴＦ,-
2856,ｉシェアーズ　米国債３－７年　ＥＴＦ（為替ヘッジあり）,-
2857,ｉシェアーズ　ドイツ国債　ＥＴＦ（為替ヘッジあり）,-
2858,グローバルＸ　日経２２５　カバード・コール　ＥＴＦ（プレミアム再投資型）,-
2859,ＮＥＸＴ　ＦＵＮＤＳ　ユーロ・ストックス５０指数（為替ヘッジあり）連動型上場投信,-
285A,キオクシアホールディングス,電気機器
2860,ＮＥＸＴ　ＦＵＮＤＳ　ドイツ株式・ＤＡＸ（為替ヘッジあり）連動型上場投信,-
2861,上場インデックスファンドフランス国債（為替ヘッジなし）,-
2862,上場インデックスファンドフランス国債（為替ヘッジあり）,-
2864,グローバルＸ　ロジスティクス・ＲＥＩＴ　ＥＴＦ,-
2865,グローバルＸ　ＮＡＳＤＡＱ１００・カバード・コール　ＥＴＦ,-
2866,グローバルＸ　米国優先証券　ＥＴＦ,-
2867,グローバルＸ　自動運転＆ＥＶ　ＥＴＦ,-
2868,グローバルＸ　Ｓ＆Ｐ５００・カバード・コール　ＥＴＦ,-
2869,ｉＦｒｅｅＥＴＦ　ＮＡＳＤＡＱ１００レバレッジ,-
286A,ユカリア,サービス業
2870,ｉＦｒｅｅＥＴＦ　ＮＡＳＤＡＱ１００ダブルインバース,-
2871,ニチレイ,食料品
2872,セイヒョー,食料品
2874,横浜冷凍,卸売業
2875,東洋水産,食料品
2876,デルソーレ,食料品
2877,日東ベスト,食料品
287A,黒田グループ,卸売業
2882,イートアンドホールディングス,食料品
2883,大冷,食料品
2884,ヨシムラ・フード・ホールディングス,食料品
288A,ラクサス・テクノロジーズ,サービス業
2892,日本食品化工,食料品
2894,石井食品,食料品
2897,日清食品ホールディングス,食料品
2901,ウェルディッシュ,食料品
2903,シノブフーズ,食料品
2904,一正蒲鉾,食料品
2907,あじかん,食料品
2908,フジッコ,食料品
290A,Ｓｙｎｓｐｅｃｔｉｖｅ,情報・通信業
2910,ロック・フィールド,食料品
2911,旭松食品,食料品
2914,日本たばこ産業,食料品
2915,ケンコーマヨネーズ,食料品
2916,仙波糖化工業,食料品
2917,大森屋,食料品
2918,わらべや日洋ホールディングス,食料品
291A,リスキル,サービス業
2922,なとり,食料品
2923,サトウ食品,食料品
2924,イフジ産業,食料品
2926,篠崎屋,食料品
2927,ＡＦＣ－ＨＤアムスライフサイエンス,食料品
2929,ファーマフーズ,食料品
292A,エスアイイー,サービス業
2930,北の達人コーポレーション,化学
2931,ユーグレナ,食料品
2932,ＳＴＩフードホールディングス,食料品
2933,紀文食品,食料品
2934,ジェイフロンティア,食料品
2935,ピックルスホールディングス,食料品
2936,ベースフード,食料品
2937,サンクゼール,食料品
2938,オカムラ食品工業,食料品
293A,ＢＡＢＹ　ＪＯＢ,小売業
294A,ＮＥＸＴ　ＦＵＮＤＳ　ＭＳＣＩジャパン気候変動指数（セレクト）連動型上場投信,-
295A,Ｏｎｅ　ＥＴＦ　ＦＴＳＥ・サウジアラビア・インデックス,-
2961,日本調理機,金属製品
2962,テクニスコ,金属製品
296A,令和アカウンティング・ホールディングス,サービス業
2970,グッドライフカンパニー,不動産業
2971,エスコンジャパンリート投資法人,-
2972,サンケイリアルエステート投資法人,-
2975,スター・マイカ・ホールディングス,不動産業
2978,ツクルバ,不動産業
2979,ＳＯＳｉＬＡ物流リート投資法人,-
297A,アルピコホールディングス,小売業
2980,ＳＲＥホールディングス,不動産業
2981,ランディックス,不動産業
2982,ＡＤワークスグループ,不動産業
2983,アールプランナー,不動産業
2984,ヤマイチエステート,不動産業
2985,ファーストステージ,不動産業
2986,ＬＡホールディングス,不動産業
2989,東海道リート投資法人,-
298A,ＧＶＡ　ＴＥＣＨ,情報・通信業
2990,アイダ設計,不動産業
2991,ランドネット,不動産業
2992,アーバンライク,不動産業
2993,長栄,不動産業
2994,アンサーホールディングス,不動産業
2995,ジェイレックス・コーポレーション,不動産業
2997,ストレージ王,不動産業
2998,クリアル,不動産業
2999,ホームポジション,不動産業
299A,クラシル,サービス業
3001,片倉工業,繊維製品
3002,グンゼ,繊維製品
3003,ヒューリック,不動産業
3004,神栄,卸売業
300A,ＭＩＣ,サービス業
3010,ポラリス・ホールディングス,サービス業
3011,バナーズ,小売業
301A,インデックス,不動産業
3020,アプライド,小売業
3021,パシフィックネット,サービス業
3023,ラサ商事,卸売業
3024,クリエイト,卸売業
3028,アルペン,小売業
302A,ビースタイルホールディングス,サービス業
3030,ハブ,小売業
3031,ラクーンホールディングス,情報・通信業
3034,クオールホールディングス,小売業
3035,ケイティケイ,卸売業
3036,アルコニックス,卸売業
3038,神戸物産,卸売業
303A,ｖｉｓｕｍｏ,情報・通信業
3040,ソリトンシステムズ,情報・通信業
3041,ビューティカダンホールディングス,卸売業
3042,セキュアヴェイル,情報・通信業
3045,カワサキ,卸売業
3046,ジンズホールディングス,小売業
3048,ビックカメラ,小売業
304A,フォルシア,情報・通信業
3050,ＤＣＭホールディングス,小売業
3053,ペッパーフードサービス,小売業
3054,ハイパー,卸売業
3058,三洋堂ホールディングス,小売業
3059,ヒラキ,小売業
305A,ダブルツリー,小売業
3063,ジェイグループホールディングス,小売業
3064,ＭｏｎｏｔａＲＯ,小売業
3065,ライフフーズ,小売業
3067,東京一番フーズ,小売業
3068,ＷＤＩ,小売業
3069,ＪＦＬＡホールディングス,食料品
3070,ジェリービーンズグループ,卸売業
3071,ストリーム,小売業
3075,銚子丸,小売業
3076,あい　ホールディングス,卸売業
3077,ホリイフードサービス,小売業
3079,ディーブイエックス,卸売業
307A,ハウジング・スタッフ,建設業
3080,ジェーソン,小売業
3082,きちりホールディングス,小売業
3083,スターシーズ,小売業
3086,Ｊ．フロント　リテイリング,小売業
3087,ドトール・日レスホールディングス,小売業
3088,マツキヨココカラ＆カンパニー,小売業
3089,テクノアルファ,卸売業
308A,ぽすとめいとホールディングス,サービス業
3091,ブロンコビリー,小売業
3092,ＺＯＺＯ,小売業
3093,トレジャー・ファクトリー,小売業
3094,スーパーバリュー,小売業
3096,オーシャンシステム,小売業
3097,物語コーポレーション,小売業
3099,三越伊勢丹ホールディングス,小売業
309A,コスモス調剤,小売業
3101,東洋紡,化学
3103,ユニチカ,繊維製品
3104,富士紡ホールディングス,繊維製品
3105,日清紡ホールディングス,電気機器
3106,倉敷紡績,繊維製品
3107,ダイワボウホールディングス,卸売業
3109,シキボウ,繊維製品
310A,サーティーフォー,不動産業
3110,日東紡績,ガラス・土石製品
3111,オーミケンシ,繊維製品
3113,ＵＮＩＶＡ・Ｏａｋホールディングス,証券、商品先物取引業
3116,トヨタ紡織,輸送用機器
311A,ＮＰＴ,医薬品
3121,マーチャント・バンカーズ,サービス業
3123,サイボー,繊維製品
312A,シンコーホールディングス,建設業
3131,シンデン・ハイテックス,卸売業
3132,マクニカホールディングス,卸売業
3133,海帆,小売業
3134,Ｈａｍｅｅ,小売業
3135,マーケットエンタープライズ,小売業
3137,ファンデリー,小売業
3138,富士山マガジンサービス,小売業
3139,ラクト・ジャパン,卸売業
313A,ｉシェアーズ　Ｓ＆Ｐ　５００　トップ　２０　ＥＴＦ,-
3140,ＢＲＵＮＯ,卸売業
3143,オーウイル,卸売業
3148,クリエイトＳＤホールディングス,小売業
314A,ｉシェアーズ　ゴールド　ＥＴＦ,-
3150,グリムス,電気・ガス業
3151,バイタルケーエスケー・ホールディングス,卸売業
3153,八洲電機,卸売業
3154,メディアスホールディングス,卸売業
3156,レスター,卸売業
3157,ジオリーブグループ,卸売業
3159,丸善ＣＨＩホールディングス,小売業
315A,グローバルＸ　銀行　高配当－日本株式　ＥＴＦ,-
3160,大光,卸売業
3161,アゼアス,卸売業
3166,ＯＣＨＩホールディングス,卸売業
3167,ＴＯＫＡＩホールディングス,卸売業
3168,ＭＥＲＦ,卸売業
3169,ミサワ,小売業
316A,ｉＦｒｅｅＥＴＦ　ＦＡＮＧ＋,-
3172,ティーライフ,小売業
3173,Ｃｏｍｉｎｉｘ,卸売業
3174,ハピネス・アンド・ディ,小売業
3175,エー・ピーホールディングス,小売業
3176,三洋貿易,卸売業
3177,ありがとうサービス,小売業
3178,チムニー,小売業
3179,シュッピン,小売業
317A,エス・エム・エス・データテック,情報・通信業
3180,ビューティガレージ,卸売業
3181,買取王国,小売業
3182,オイシックス・ラ・大地,小売業
3183,ウイン・パートナーズ,卸売業
3184,ＩＣＤＡホールディングス,小売業
3185,夢展望,小売業
3186,ネクステージ,小売業
3187,ミラタップ,小売業
3189,ＡＮＡＰホールディングス,小売業
318A,ＶＩＸ短期先物指数ＥＴＦ,-
3190,ホットマン,小売業
3191,ジョイフル本田,小売業
3192,白鳩,小売業
3193,エターナルホスピタリティグループ,小売業
3195,ジェネレーションパス,小売業
3196,ホットランドホールディングス,小売業
3197,すかいらーくホールディングス,小売業
3198,ＳＦＰホールディングス,小売業
3199,綿半ホールディングス,小売業
319A,技術承継機構,金属製品
3201,日本毛織,繊維製品
3202,ダイトウボウ,繊維製品
3204,トーア紡コーポレーション,繊維製品
3205,ダイドーリミテッド,繊維製品
320A,Ｄ＆Ｉ,サービス業
321A,ヒューマンステージホールディングス,サービス業
3221,ヨシックスホールディングス,小売業
3222,ユナイテッド・スーパーマーケット・ホールディングス,小売業
3223,エスエルディー,小売業
3224,ゼネラル・オイスター,小売業
3226,三井不動産アコモデーションファンド投資法人,-
322A,ヒメジ理化,ガラス・土石製品
3231,野村不動産ホールディングス,不動産業
3232,三重交通グループホールディングス,不動産業
3234,森ヒルズリート投資法人,-
3236,プロパスト,不動産業
3237,イントランス,不動産業
3238,セントラル総合開発,不動産業
323A,フライヤー,情報・通信業
3241,ウィル,不動産業
3242,アーバネットコーポレーション,不動産業
3245,ディア・ライフ,不動産業
3246,コーセーアールイー,不動産業
3248,アールエイジ,不動産業
3249,産業ファンド投資法人,-
324A,ブッキングリゾート,サービス業
3252,地主,不動産業
325A,ＴＥＮＴＩＡＬ,繊維製品
3261,グランディーズ,不動産業
3266,ファンドクリエーショングループ,不動産業
3267,フィル・カンパニー,建設業
3269,アドバンス・レジデンス投資法人,-
326A,ａｅｒｏ　ｌａｂ　ｉｎｔｅｒｎａｔｉｏｎａｌ,卸売業
3271,ＴＨＥグローバル社,不動産業
3276,ＪＰＭＣ,不動産業
3277,サンセイランディック,不動産業
3279,アクティビア・プロパティーズ投資法人,-
3280,エストラスト,不動産業
3281,ＧＬＰ投資法人,-
3282,コンフォリア・レジデンシャル投資法人,-
3283,日本プロロジスリート投資法人,-
3284,フージャースホールディングス,不動産業
3286,トラストホールディングス,不動産業
3287,星野リゾート・リート投資法人,-
3288,オープンハウスグループ,不動産業
3289,東急不動産ホールディングス,不動産業
328A,グローバルＸ　プライシングパワー・リーダーズ－日本株式　ＥＴＦ,-
3290,Ｏｎｅリート投資法人,-
3291,飯田グループホールディングス,不動産業
3292,イオンリート投資法人,-
3293,アズマハウス,不動産業
3294,イーグランド,不動産業
3295,ヒューリックリート投資法人,-
3296,日本リート投資法人,-
3297,東武住販,不動産業
3299,ムゲンエステート,不動産業
329A,ジールアソシエイツ,サービス業
3300,アンビション　ＤＸ　ホールディングス,不動産業
3302,帝国繊維,繊維製品
3306,日本製麻,卸売業
3309,積水ハウス・リート投資法人,-
330A,ＴａｌｅｎｔＸ,情報・通信業
3315,日本コークス工業,石油・石炭製品
3317,フライングガーデン,小売業
331A,メディックス,サービス業
3320,クロスプラス,卸売業
3321,ミタチ産業,卸売業
3323,レカム,卸売業
3326,ランシステム,サービス業
3329,東和フードサービス,小売業
332A,ミーク,情報・通信業
3333,あさひ,小売業
333A,テクノスマイル,サービス業
3349,コスモス薬品,小売業
334A,ビジュアル・プロセッシング・ジャパン,情報・通信業
3350,メタプラネット,卸売業
3352,バッファロー,小売業
3353,メディカル一光グループ,小売業
3355,クリヤマホールディングス,卸売業
3358,ワイエスフード,小売業
3359,ｃｏｔｔａ,卸売業
335A,ミライロ,情報・通信業
3360,シップヘルスケアホールディングス,卸売業
3361,トーエル,小売業
336A,ダイナミックマッププラットフォーム,情報・通信業
3370,フジタコーポレーション,小売業
3371,ソフトクリエイトホールディングス,情報・通信業
3372,関門海,小売業
3374,内外テック,卸売業
3375,ＺＯＡ,小売業
3377,バイク王＆カンパニー,卸売業
3382,セブン＆アイ・ホールディングス,小売業
3386,コスモ・バイオ,卸売業
3387,クリエイト・レストランツ・ホールディングス,小売業
3388,明治電機工業,卸売業
338A,ＺｅｎｍｕＴｅｃｈ,情報・通信業
3391,ツルハホールディングス,小売業
3392,デリカフーズホールディングス,卸売業
3393,スターティアホールディングス,卸売業
3395,サンマルクホールディングス,小売業
3396,フェリシモ,小売業
3397,トリドールホールディングス,小売業
3399,丸千代山岡家,小売業
339A,プログレス・テクノロジーズ　グループ,サービス業
3401,帝人,繊維製品
3402,東レ,繊維製品
3405,クラレ,化学
3407,旭化成,化学
3409,北紡,繊維製品
340A,ジグザグ,情報・通信業
3415,ＴＯＫＹＯ　ＢＡＳＥ,小売業
3416,ピクスタ,小売業
3417,大木ヘルスケアホールディングス,卸売業
3418,バルニバービ,小売業
341A,トヨコー,建設業
3420,ケー・エフ・シー,金属製品
3421,稲葉製作所,金属製品
3422,Ｊ－ＭＡＸ,金属製品
3423,エスイー,金属製品
3426,アトムリビンテック,金属製品
3431,宮地エンジニアリンググループ,金属製品
3433,トーカロ,金属製品
3434,アルファＣｏ,金属製品
3435,サンコーテクノ,金属製品
3436,ＳＵＭＣＯ,金属製品
3437,特殊電極,金属製品
3439,三ツ知,金属製品
343A,ＩＡＣＥトラベル,サービス業
3440,日創グループ,金属製品
3441,山王,金属製品
3443,川田テクノロジーズ,金属製品
3444,菊池製作所,金属製品
3445,ＲＳ　Ｔｅｃｈｎｏｌｏｇｉｅｓ,金属製品
3446,ジェイテックコーポレーション,金属製品
3447,信和,金属製品
3448,清鋼材,金属製品
3449,テクノフレックス,金属製品
3450,サトウ産業,金属製品
3451,トーセイ・リート投資法人,-
3452,ビーロット,不動産業
3454,ファーストブラザーズ,不動産業
3455,ヘルスケア＆メディカル投資法人,-
3457,Ａｎｄ　Ｄｏホールディングス,不動産業
3459,サムティ・レジデンシャル投資法人,-
345A,高配当成長　日本株（ネットリターン）ＥＴＮ,-
3461,パルマ,不動産業
3462,野村不動産マスターファンド投資法人,-
3463,いちごホテルリート投資法人,-
3465,ケイアイスター不動産,不動産業
3466,ラサールロジポート投資法人,-
3467,アグレ都市デザイン,不動産業
3468,スターアジア不動産投資法人,-
3469,デュアルタップ,不動産業
346A,ＮＥＸＴ　ＦＵＮＤＳ　Ｓ＆Ｐ　５００　半導体・半導体製造装置３５％キャップ指数連動型上場投信,-
3470,マリモ地方創生リート投資法人,-
3471,三井不動産ロジスティクスパーク投資法人,-
3472,日本ホテル＆レジデンシャル投資法人,-
3474,Ｇ－ＦＡＣＴＯＲＹ,不動産業
3475,グッドコムアセット,不動産業
3476,投資法人みらい,-
3477,フォーライフ,不動産業
3479,ティーケーピー,不動産業
347A,ＧＲＯＷＴＨ　ＰＯＷＥＲ,卸売業
3480,ジェイ・エス・ビー,不動産業
3481,三菱地所物流リート投資法人,-
3482,ロードスターキャピタル,不動産業
3483,翔栄,不動産業
3484,イノベーションホールディングス,不動産業
3486,グローバル・リンク・マネジメント,不動産業
3487,ＣＲＥロジスティクスファンド投資法人,-
3488,セントラル・リート投資法人,-
3489,フェイスネットワーク,不動産業
348A,ＭＡＸＩＳ読売３３３日本株上場投信,-
3490,アズ企画設計,不動産業
3491,ＧＡ　ｔｅｃｈｎｏｌｏｇｉｅｓ,不動産業
3492,ＭＩＲＡＲＴＨ不動産投資法人,-
3494,マリオン,不動産業
3495,香陵住販,不動産業
3496,アズーム,不動産業
3498,霞ヶ関キャピタル,不動産業
349A,ＳＭＤＡＭ　Ａｃｔｉｖｅ　ＥＴＦ　日本グロース株式,-
3501,ＳＵＭＩＮＯＥ,繊維製品
350A,デジタルグリッド,電気・ガス業
3512,日本フエルト,繊維製品
3513,イチカワ,繊維製品
351A,アクシスＩＴパートナーズ,情報・通信業
3521,テルマー湯ホールディングス,サービス業
3524,日東製網,繊維製品
3526,芦森工業,輸送用機器
3529,アツギ,繊維製品
352A,ＬＯＩＶＥ,サービス業
3536,アクサスホールディングス,小売業
3537,昭栄薬品,卸売業
3538,ウイルプラスホールディングス,小売業
3539,ＪＭホールディングス,小売業
3541,農業総合研究所,卸売業
3542,ベガコーポレーション,小売業
3543,コメダホールディングス,卸売業
3544,サツドラホールディングス,小売業
3546,アレンザホールディングス,小売業
3547,串カツ田中ホールディングス,小売業
3548,バロックジャパンリミテッド,小売業
3549,クスリのアオキホールディングス,小売業
354A,ｉＦｒｅｅＥＴＦ　ブルームバーグ日本株高配当５０指数,-
3550,スタジオアタオ,小売業
3551,ダイニック,繊維製品
3553,共和レザー,化学
3556,リネットジャパングループ,小売業
3557,ユナイテッド＆コレクティブ,小売業
3558,ジェイドグループ,小売業
3559,ピーバンドットコム,卸売業
355A,ナウビレッジ,サービス業
3560,ほぼ日,小売業
3561,力の源ホールディングス,小売業
3562,Ｎｏ．１,卸売業
3563,ＦＯＯＤ　＆　ＬＩＦＥ　ＣＯＭＰＡＮＩＥＳ,小売業
3565,アセンテック,卸売業
3566,ユニフォームネクスト,小売業
3569,セーレン,繊維製品
356A,グローバルＸ　Ｓ＆Ｐ５００　キャッシュフロー・トップ１００　ＥＴＦ,-
3571,ソトー,繊維製品
3577,東海染工,繊維製品
357A,エフアンドエフ,小売業
3580,小松マテーレ,繊維製品
3583,オーベクス,繊維製品
358A,ゼン・ランド,不動産業
3591,ワコールホールディングス,繊維製品
3593,ホギメディカル,繊維製品
3597,自重堂,繊維製品
3598,山喜,繊維製品
359A,ＮＥＸＴ　ＳＴＡＧＥ,サービス業
3600,フジックス,繊維製品
3607,クラウディアホールディングス,繊維製品
3608,ＴＳＩホールディングス,繊維製品
360A,東証ＲＥＩＴ　Ｃｏｒｅ　ＥＴＦ,-
3611,マツオカコーポレーション,繊維製品
3612,ワールド,繊維製品
361A,リビングハウス,小売業
3622,ネットイヤーグループ,情報・通信業
3623,ビリングシステム,情報・通信業
3624,アクセルマーク,情報・通信業
3625,テックファームホールディングス,情報・通信業
3626,ＴＩＳ,情報・通信業
3627,テクミラホールディングス,情報・通信業
3628,データホライゾン,情報・通信業
362A,エクシオホールディングス,サービス業
3632,グリーホールディングス,情報・通信業
3633,ＧＭＯペパボ,情報・通信業
3634,ソケッツ,情報・通信業
3635,コーエーテクモホールディングス,情報・通信業
3636,三菱総合研究所,情報・通信業
3639,ボルテージ,情報・通信業
363A,ｉＦｒｅｅＥＴＦ　英国ＦＴＳＥ１００,-
3640,電算,情報・通信業
3641,パピレス,情報・通信業
3645,メディカルネット,情報・通信業
3646,駅探,情報・通信業
3647,ジー・スリーホールディングス,情報・通信業
3648,ＡＧＳ,情報・通信業
3649,ファインデックス,情報・通信業
364A,ＮＥＸＴ　ＦＵＮＤＳ　Ｓ＆Ｐ　５００　配当貴族指数連動型上場投信,-
3652,ディジタルメディアプロフェッショナル,情報・通信業
3653,モルフォ,情報・通信業
3655,ブレインパッド,情報・通信業
3656,ＫＬａｂ,情報・通信業
3657,ポールトゥウィンホールディングス,情報・通信業
3659,ネクソン,情報・通信業
365A,伊澤タオル,繊維製品
3660,アイスタイル,情報・通信業
3661,エムアップホールディングス,情報・通信業
3662,エイチームホールディングス,情報・通信業
3663,セルシス,情報・通信業
3664,モブキャストホールディングス,情報・通信業
3665,エニグモ,情報・通信業
3667,ｅｎｉｓｈ,情報・通信業
3668,コロプラ,情報・通信業
366A,ウェルネス・コミュニケーションズ,サービス業
3670,協立情報通信,情報・通信業
3671,ソフトマックス,情報・通信業
3672,オルトプラス,情報・通信業
3673,ブロードリーフ,情報・通信業
3674,オークファン,情報・通信業
3675,クロス・マーケティンググループ,情報・通信業
3676,デジタルハーツホールディングス,情報・通信業
3678,メディアドゥ,情報・通信業
3679,じげん,情報・通信業
367A,プリモグローバルホールディングス,小売業
3680,ホットリンク,情報・通信業
3681,ブイキューブ,情報・通信業
3682,エンカレッジ・テクノロジ,情報・通信業
3683,サイバーリンクス,情報・通信業
3686,ディー・エル・イー,情報・通信業
3687,フィックスターズ,情報・通信業
368A,北里コーポレーション,精密機器
3690,イルグルム,情報・通信業
3691,デジタルプラス,情報・通信業
3692,ＦＦＲＩセキュリティ,情報・通信業
3694,オプティム,情報・通信業
3695,ＧＭＯプロダクトプラットフォーム,情報・通信業
3696,セレス,情報・通信業
3697,ＳＨＩＦＴ,情報・通信業
3698,ＣＲＩ・ミドルウェア,情報・通信業
369A,エータイ,サービス業
3708,特種東海製紙,パルプ・紙
370A,リバイブル,不動産業
3710,ジョルダン,情報・通信業
3712,情報企画,情報・通信業
3719,ＡＩストーム,情報・通信業
371A,デージーネット,情報・通信業
3723,日本ファルコム,情報・通信業
3726,フォーシーズＨＤ,小売業
3727,アプリックス,情報・通信業
372A,レント,サービス業
3733,ソフトウェア・サービス,情報・通信業
373A,リップス,化学
3741,セック,情報・通信業
3744,サイオス,情報・通信業
3747,インタートレード,情報・通信業
374A,樋口総合研究所,情報・通信業
3750,ＡＤＲ１２０Ｓ,情報・通信業
3753,フライトソリューションズ,情報・通信業
3758,アエリア,情報・通信業
375A,ＹＡＫホールディングス,不動産業
3760,ケイブ,情報・通信業
3762,テクマトリックス,情報・通信業
3763,プロシップ,情報・通信業
3765,ガンホー・オンライン・エンターテイメント,情報・通信業
3766,システムズ・デザイン,情報・通信業
3768,リスクモンスター,情報・通信業
3769,ＧＭＯペイメントゲートウェイ,情報・通信業
376A,ＮＥＸＴ　ＦＵＮＤＳ　ブルームバーグ米国国債（７－１０年）インデックス（７５％為替ヘッジあり）連動型上場投信,-
3771,システムリサーチ,情報・通信業
3772,ウェルス・マネジメント,不動産業
3773,アドバンスト・メディア,情報・通信業
3774,インターネットイニシアティブ,情報・通信業
3776,ブロードバンドタワー,情報・通信業
3777,環境フレンドリーホールディングス,情報・通信業
3778,さくらインターネット,情報・通信業
3779,ジェイ・エスコムホールディングス,情報・通信業
3787,テクノマセマティカル,情報・通信業
3788,ＧＭＯグローバルサイン・ホールディングス,情報・通信業
378A,ヒット,サービス業
3791,ＩＧポート,情報・通信業
3793,ドリコム,情報・通信業
3796,いい生活,情報・通信業
3798,ＵＬＳグループ,情報・通信業
3799,キーウェアソリューションズ,情報・通信業
379A,グローバルＸ　Ｓ＆Ｐ５００　ＥＴＦ（ダイナミック・プロテクション）,-
3800,ユニリタ,情報・通信業
3802,エコミック,情報・通信業
3803,イメージ情報開発,情報・通信業
3804,システム　ディ,情報・通信業
3807,フィスコ,情報・通信業
380A,グローバルＸ　チャイナテック　ＥＴＦ,-
3810,サイバーステップホールディングス,情報・通信業
3815,メディア工房,情報・通信業
3816,大和コンピューター,情報・通信業
3817,ＳＲＡホールディングス,情報・通信業
381A,ｉＦｒｅｅＥＴＦ　米国国債３－５年（為替ヘッジなし）,-
3823,ＴＨＥ　ＷＨＹ　ＨＯＷ　ＤＯ　ＣＯＭＰＡＮＹ,情報・通信業
3825,リミックスポイント,小売業
3826,システムインテグレータ,情報・通信業
382A,ｉＦｒｅｅＥＴＦ　米国国債３－５年（為替ヘッジあり）,-
3834,朝日ネット,情報・通信業
3835,ｅＢＡＳＥ,情報・通信業
3836,アバントグループ,情報・通信業
3837,アドソル日進,情報・通信業
3839,ＯＤＫソリューションズ,情報・通信業
383A,ＭＡＸＩＳ　Ｓ＆Ｐ５００均等ウェイト上場投信,-
3840,パス,情報・通信業
3841,ジーダット,情報・通信業
3842,ネクストジェン,情報・通信業
3843,フリービット,情報・通信業
3844,コムチュア,情報・通信業
3845,アイフリークモバイル,情報・通信業
3848,データ・アプリケーション,情報・通信業
3850,エヌ・ティ・ティ・データ・イントラマート,情報・通信業
3851,日本一ソフトウェア,情報・通信業
3853,アステリア,情報・通信業
3854,アイル,情報・通信業
3856,Ａｂａｌａｎｃｅ,電気機器
3858,ユビキタスＡＩ,情報・通信業
385A,山本通産,卸売業
3861,王子ホールディングス,パルプ・紙
3863,日本製紙,パルプ・紙
3864,三菱製紙,パルプ・紙
3865,北越コーポレーション,パルプ・紙
386A,みのや,小売業
3877,中越パルプ工業,パルプ・紙
3878,巴川コーポレーション,化学
387A,フラー,情報・通信業
3880,大王製紙,パルプ・紙
3891,ニッポン高度紙工業,パルプ・紙
3892,岡山製紙,パルプ・紙
3895,ハビックス,パルプ・紙
3896,阿波製紙,パルプ・紙
389A,八光オートメーション,電気機器
3900,クラウドワークス,情報・通信業
3901,マークラインズ,情報・通信業
3902,メディカル・データ・ビジョン,情報・通信業
3903,ｇｕｍｉ,情報・通信業
3904,カヤック,情報・通信業
3905,データセクション,情報・通信業
3907,シリコンスタジオ,情報・通信業
3908,コラボス,情報・通信業
3909,ショーケース,情報・通信業
3910,エムケイシステム,情報・通信業
3911,Ａｉｍｉｎｇ,情報・通信業
3912,モバイルファクトリー,情報・通信業
3913,ＧｒｅｅｎＢｅｅ,情報・通信業
3914,ＪＩＧ－ＳＡＷ,情報・通信業
3915,テラスカイ,情報・通信業
3916,デジタル・インフォメーション・テクノロジー,情報・通信業
3917,アイリッジ,情報・通信業
3918,ＰＣＩホールディングス,情報・通信業
3920,アイビーシー,情報・通信業
3921,ネオジャパン,情報・通信業
3922,ＰＲ　ＴＩＭＥＳ,情報・通信業
3923,ラクス,情報・通信業
3924,ランドコンピュータ,情報・通信業
3925,ダブルスタンダード,情報・通信業
3926,オープンドア,情報・通信業
3927,フーバーブレイン,情報・通信業
3928,マイネット,情報・通信業
3929,ソーシャルワイヤー,情報・通信業
392A,ｉシェアーズ　ＮＡＳＤＡＱ　トップ　３０　ＥＴＦ,-
3930,はてな,情報・通信業
3931,バリューゴルフ,情報・通信業
3932,アカツキ,情報・通信業
3933,チエル,情報・通信業
3934,ベネフィットジャパン,情報・通信業
3935,エディア,情報・通信業
3936,グローバルウェイ,情報・通信業
3937,Ｕｂｉｃｏｍホールディングス,情報・通信業
3939,カナミックネットワーク,情報・通信業
393A,ＲｉｔａＸ,サービス業
3940,ノムラシステムコーポレーション,情報・通信業
3941,レンゴー,パルプ・紙
3943,大石産業,パルプ・紙
3944,古林紙工,パルプ・紙
3945,スーパーバッグ,パルプ・紙
3946,トーモク,パルプ・紙
3947,ダイナパック,パルプ・紙
3948,光ビジネスフォーム,パルプ・紙
394A,業界改革厳選ＥＴＦテレビ業界,-
3950,ザ・パック,パルプ・紙
3951,朝日印刷,パルプ・紙
3953,大村紙業,パルプ・紙
3954,昭和パックス,パルプ・紙
3955,イムラ,パルプ・紙
3958,笹徳印刷,パルプ・紙
395A,業界改革厳選ＥＴＦ地銀,-
3961,シルバーエッグ・テクノロジー,情報・通信業
3962,チェンジホールディングス,情報・通信業
3963,シンクロ・フード,情報・通信業
3964,オークネット,情報・通信業
3965,キャピタル・アセット・プランニング,情報・通信業
3967,エルテス,情報・通信業
3968,セグエグループ,情報・通信業
3969,エイトレッド,情報・通信業
396A,業界改革厳選ＥＴＦ　ＲＥＩＴイベント・ドリブン,-
3970,イノベーション,情報・通信業
3974,ＳＣＡＴ,情報・通信業
3976,シャノン,情報・通信業
3979,うるる,情報・通信業
3981,ビーグリー,情報・通信業
3983,オロ,情報・通信業
3984,ユーザーローカル,情報・通信業
3985,テモナ,情報・通信業
3986,ビーブレイクシステムズ,情報・通信業
3987,エコモット,情報・通信業
3988,ＳＹＳホールディングス,情報・通信業
3989,シェアリングテクノロジー,情報・通信業
398A,リアルクオリティ,サービス業
3991,ウォンテッドリー,情報・通信業
3992,ニーズウェル,情報・通信業
3993,ＰＫＳＨＡ　Ｔｅｃｈｎｏｌｏｇｙ,情報・通信業
3994,マネーフォワード,情報・通信業
3996,サインポスト,情報・通信業
3997,トレードワークス,情報・通信業
3998,すららネット,情報・通信業
399A,上場インデックスファンド日経平均高配当株５０,-
4004,レゾナック・ホールディングス,化学
4005,住友化学,化学
4008,住友精化,化学
4011,ヘッドウォータース,情報・通信業
4012,アクシス,情報・通信業
4013,勤次郎,情報・通信業
4014,カラダノート,情報・通信業
4015,ペイクラウドホールディングス,情報・通信業
4016,ＭＩＴホールディングス,情報・通信業
4017,クリーマ,情報・通信業
4019,スタメン,情報・通信業
401A,霞ヶ関ホテルリート投資法人,-
4020,ビートレンド,情報・通信業
4021,日産化学,化学
4022,ラサ工業,化学
4023,クレハ,化学
4025,多木化学,化学
4026,神島化学工業,ガラス・土石製品
4027,テイカ,化学
4028,石原産業,化学
402A,アクセルスペースホールディングス,輸送用機器
4031,片倉コープアグリ,化学
403A,北條組,建設業
4040,南海化学,化学
4041,日本曹達,化学
4042,東ソー,化学
4043,トクヤマ,化学
4044,セントラル硝子,化学
4045,東亞合成,化学
4046,大阪ソーダ,化学
4047,関東電化工業,化学
404A,グローバルＸ　チャイナテック・トップ１０　ＥＴＦ,-
4051,ＧＭＯフィナンシャルゲート,情報・通信業
4052,フィーチャ,情報・通信業
4053,Ｓｕｎ　Ａｓｔｅｒｉｓｋ,情報・通信業
4054,日本情報クリエイト,情報・通信業
4055,ティアンドエスグループ,情報・通信業
4056,ニューラルグループ,情報・通信業
4057,インターファクトリー,情報・通信業
4058,トヨクモ,情報・通信業
4059,まぐまぐ,情報・通信業
405A,コヤマ・ミライエ,卸売業
4060,ｒａｋｕｍｏ,情報・通信業
4061,デンカ,化学
4062,イビデン,電気機器
4063,信越化学工業,化学
4064,日本カーバイド工業,化学
4068,ベイシス,情報・通信業
4069,ＢｌｕｅＭｅｍｅ,情報・通信業
406A,環境のミカタホールディングス,サービス業
4071,プラスアルファ・コンサルティング,情報・通信業
4072,電算システムホールディングス,情報・通信業
4073,ジィ・シィ企画,情報・通信業
4074,ラキール,情報・通信業
4075,ブレインズテクノロジー,情報・通信業
4076,シイエヌエス,情報・通信業
4078,堺化学工業,化学
407A,ＵＮＩＣＯＮホールディングス,建設業
4080,田中化学研究所,化学
4082,第一稀元素化学工業,化学
4088,エア・ウォーター,化学
408A,ｉシェアーズ　ＡＩ　グローバル・イノベーション　アクティブ　ＥＴＦ,-
4091,日本酸素ホールディングス,化学
4092,日本化学工業,化学
4093,東邦アセチレン,化学
4094,日本化学産業,化学
4095,日本パーカライジング,化学
4097,高圧ガス工業,化学
4098,チタン工業,化学
4099,四国化成ホールディングス,化学
409A,オリオンビール,食料品
4100,戸田工業,化学
4102,丸尾カルシウム,化学
4107,伊勢化学工業,化学
4109,ステラ　ケミファ,化学
410A,ＧＭＯコマース,サービス業
4112,保土谷化学工業,化学
4113,田岡化学工業,化学
4114,日本触媒,化学
4116,大日精化工業,化学
4118,カネカ,化学
4119,日本ピグメントホールディングス,化学
411A,日本マリタイムバンク,その他金融業
4120,スガイ化学工業,化学
4124,大阪油化工業,化学
4125,三和油化工業,化学
412A,ＮＥＸＴ　ＦＵＮＤＳ　ＴＩＰ　ＦａｃｔＳｅｔ　台湾イノベイティブ・テクノロジー５０指数連動型上場投信,-
413A,ｉＦｒｅｅＥＴＦ　キャセイ台湾テックリーダー指数,-
414A,オーバーラップホールディングス,情報・通信業
4151,協和キリン,医薬品
415A,ＧＭＯ　ＴＥＣＨホールディングス,サービス業
4165,プレイド,情報・通信業
4166,かっこ,情報・通信業
4167,ココペリ,情報・通信業
4168,ヤプリ,情報・通信業
4169,ＥＮＥＣＨＡＮＧＥ,情報・通信業
416A,富士ユナイトホールディングス,卸売業
4170,Ｋａｉｚｅｎ　Ｐｌａｔｆｏｒｍ,情報・通信業
4171,グローバルインフォメーション,情報・通信業
4172,東和ハイシステム,情報・通信業
4174,アピリッツ,情報・通信業
4175,ｃｏｌｙ,情報・通信業
4176,ココナラ,情報・通信業
4177,ｉ‐ｐｌｕｇ,情報・通信業
4178,Ｓｈａｒｉｎｇ　Ｉｎｎｏｖａｔｉｏｎｓ,情報・通信業
4179,ジーネクスト,情報・通信業
417A,ブルーゾーンホールディングス,小売業
4180,Ａｐｐｉｅｒ　Ｇｒｏｕｐ,情報・通信業
4182,三菱瓦斯化学,化学
4183,三井化学,化学
4186,東京応化工業,化学
4187,大阪有機化学工業,化学
4188,三菱ケミカルグループ,化学
4189,ＫＨネオケム,化学
4192,スパイダープラス,情報・通信業
4193,ファブリカホールディングス,情報・通信業
4194,ビジョナル,情報・通信業
4196,ネオマーケティング,情報・通信業
4197,アスマーク,情報・通信業
4198,テンダ,情報・通信業
4199,ワンダープラネット,情報・通信業
419A,ラングローブ,小売業
4202,ダイセル,化学
4203,住友ベークライト,化学
4204,積水化学工業,化学
4205,日本ゼオン,化学
4206,アイカ工業,化学
4208,ＵＢＥ,化学
4212,積水樹脂,化学
4216,旭有機材,化学
4218,ニチバン,化学
421A,ムービン・ストラテジック・キャリア,サービス業
4220,リケンテクノス,化学
4221,大倉工業,化学
4222,児玉化学工業,化学
4224,ロンシール工業,化学
4228,積水化成品工業,化学
4229,群栄化学工業,化学
422A,ｔａｎｅ　ＣＲＥＡＴＩＶＥ,情報・通信業
4231,タイガースポリマー,化学
4234,サンエー化研,化学
4235,ウルトラファブリックス・ホールディングス,化学
4237,フジプレアム,化学
4238,ミライアル,化学
423A,ライオン事務器,卸売業
4240,クラスターテクノロジー,化学
4241,アテクト,化学
4242,タカギセイコー,化学
4243,ニックス,化学
4245,ダイキアクシス,化学
4246,ダイキョーニシカワ,化学
4247,ポバール興業,化学
4248,竹本容器,化学
4249,森六,化学
424A,グローバルＸ　ゴールド　ＥＴＦ（為替ヘッジあり）,-
4251,恵和,化学
4255,ＴＨＥＣＯＯ,情報・通信業
4256,サインド,情報・通信業
4258,網屋,情報・通信業
4259,エクサウィザーズ,情報・通信業
425A,グローバルＸ　ゴールド　ＥＴＦ,-
4260,ハイブリッドテクノロジーズ,情報・通信業
4261,アジアクエスト,情報・通信業
4262,ニフティライフスタイル,情報・通信業
4263,サスメド,情報・通信業
4264,セキュア,情報・通信業
4265,Ｉｎｓｔｉｔｕｔｉｏｎ　ｆｏｒ　ａ　Ｇｌｏｂａｌ　Ｓｏｃｉｅｔｙ,情報・通信業
426A,ニッセイＥＴＦ　Ｓ＆Ｐ５００イコール・ウェイト（為替ヘッジなし）,-
4270,ＢｅｅＸ,情報・通信業
4272,日本化薬,化学
4274,細谷火工,化学
4275,カーリット,化学
4284,ソルクシーズ,情報・通信業
4286,ＣＬホールディングス,サービス業
4287,ジャストプランニング,情報・通信業
4288,アズジェント,情報・通信業
428A,サイプレス・ホールディングス,小売業
4290,プレステージ・インターナショナル,サービス業
4293,セプテーニ・ホールディングス,サービス業
4299,ハイマックス,情報・通信業
429A,テクセンドフォトマスク,その他製品
4301,アミューズ,サービス業
4307,野村総合研究所,情報・通信業
4308,Ｊストリーム,情報・通信業
430A,ネクストハンズ,情報・通信業
4310,ドリームインキュベータ,サービス業
4316,ビーマップ,情報・通信業
4317,レイ,サービス業
4318,クイック,サービス業
431A,ユーソナー,情報・通信業
4320,ＣＥホールディングス,情報・通信業
4323,日本システム技術,情報・通信業
4324,電通グループ,サービス業
4326,インテージホールディングス,情報・通信業
432A,クリニファー,卸売業
4331,テイクアンドギヴ・ニーズ,サービス業
4333,東邦システムサイエンス,情報・通信業
4334,ユークス,情報・通信業
4335,ＩＰＳホールディングス,情報・通信業
4337,ぴあ,サービス業
433A,ＭＪＥ,卸売業
4341,西菱電機,サービス業
4343,イオンファンタジー,サービス業
4344,ソースネクスト,情報・通信業
4345,シーティーエス,サービス業
4346,ＮＥＸＹＺ．Ｇｒｏｕｐ,その他金融業
4347,ブロードメディア,サービス業
434A,ＬＯＯＰＬＡＣＥ,不動産業
4350,メディカルシステムネットワーク,小売業
4351,山田再生系債権回収総合事務所,その他金融業
4356,応用技術,情報・通信業
435A,ｉＦｒｅｅＥＴＦ　日本株配当ローテーション戦略,-
4360,マナック・ケミカル・パートナーズ,化学
4361,川口化学工業,化学
4362,日本精化,化学
4365,松本油脂製薬,化学
4366,ダイトーケミックス,化学
4367,広栄化学,化学
4368,扶桑化学工業,化学
4369,トリケミカル研究所,化学
436A,サイバーソリューションズ,情報・通信業
4370,モビルス,情報・通信業
4371,コアコンセプト・テクノロジー,情報・通信業
4372,ユミルリンク,情報・通信業
4373,シンプレクス・ホールディングス,情報・通信業
4374,ＲＯＢＯＴ　ＰＡＹＭＥＮＴ,情報・通信業
4375,セーフィー,情報・通信業
4376,くふうカンパニーホールディングス,情報・通信業
4377,ワンキャリア,情報・通信業
4378,ＣＩＮＣ,情報・通信業
4379,Ｐｈｏｔｏｓｙｎｔｈ,情報・通信業
437A,ジェイウェイブ,サービス業
4380,Ｍマート,情報・通信業
4381,ビープラッツ,情報・通信業
4382,ＨＥＲＯＺ,情報・通信業
4384,ラクスル,情報・通信業
4385,メルカリ,情報・通信業
4386,ＳＩＧグループ,情報・通信業
4387,ＺＵＵ,情報・通信業
4388,エーアイ,情報・通信業
4389,プロパティデータバンク,情報・通信業
438A,インフキュリオン,情報・通信業
4390,ＩＰＳ,情報・通信業
4391,ロジザード,情報・通信業
4392,ＦＩＧ,情報・通信業
4393,バンク・オブ・イノベーション,情報・通信業
4394,エクスモーション,情報・通信業
4395,アクリート,情報・通信業
4396,システムサポートホールディングス,情報・通信業
4397,チームスピリット,情報・通信業
4398,ブロードバンドセキュリティ,情報・通信業
439A,アクトビ,情報・通信業
4401,ＡＤＥＫＡ,化学
4403,日油,化学
4404,ミヨシ油脂,食料品
4406,新日本理化,化学
4409,東邦化学工業,化学
4410,ハリマ化成グループ,化学
4412,サイエンスアーツ,情報・通信業
4413,ボードルア,情報・通信業
4414,フレクト,情報・通信業
4415,ブロードエンタープライズ,情報・通信業
4416,Ｔｒｕｅ　Ｄａｔａ,情報・通信業
4417,グローバルセキュリティエキスパート,情報・通信業
4418,ＪＤＳＣ,情報・通信業
4419,Ｆｉｎａｔｅｘｔホールディングス,情報・通信業
441A,ＮＥ,情報・通信業
4420,イーソル,情報・通信業
4421,ディ・アイ・システム,情報・通信業
4422,ＶＡＬＵＥＮＥＸ,情報・通信業
4424,Ａｍａｚｉａ,情報・通信業
4425,Ｋｕｄａｎ,情報・通信業
4426,パスロジ,情報・通信業
4427,ＥｄｕＬａｂ,情報・通信業
4428,シノプス,情報・通信業
4429,リックソフト,情報・通信業
442A,クラシコ,繊維製品
4430,東海ソフト,情報・通信業
4431,スマレジ,情報・通信業
4432,ウイングアーク１ｓｔ,情報・通信業
4433,ヒト・コミュニケーションズ・ホールディングス,情報・通信業
4434,サーバーワークス,情報・通信業
4436,ミンカブ・ジ・インフォノイド,情報・通信業
4437,ｇｏｏｄｄａｙｓホールディングス,情報・通信業
4438,Ｗｅｌｂｙ,情報・通信業
4439,東名,情報・通信業
443A,ｉＦｒｅｅＥＴＦ　東証ＲＥＩＴ指数（２・５・８・１１月決算型）,-
4440,ヴィッツ,情報・通信業
4441,トビラシステムズ,情報・通信業
4442,バルテス・ホールディングス,情報・通信業
4443,Ｓａｎｓａｎ,情報・通信業
4444,インフォネット,情報・通信業
4445,リビン・テクノロジーズ,情報・通信業
4446,Ｌｉｎｋ－Ｕグループ,情報・通信業
4447,ピー・ビーシステムズ,情報・通信業
4448,ｋｕｂｅｌｌ,情報・通信業
4449,ギフティ,情報・通信業
444A,アイテル,卸売業
4450,パワーソリューションズ,情報・通信業
4452,花王,化学
445A,東洋コーポレーション,不動産業
4461,第一工業製薬,化学
4462,石原ケミカル,化学
4463,日華化学,化学
4464,ソフト９９コーポレーション,化学
4465,ニイタカ,化学
446A,ノースサンド,サービス業
4471,三洋化成工業,化学
4475,ＨＥＮＮＧＥ,情報・通信業
4476,ＡＩ　ＣＲＯＳＳ,情報・通信業
4477,ＢＡＳＥ,情報・通信業
4478,フリー,情報・通信業
4479,マクアケ,情報・通信業
447A,ステート・ストリート・スパイダー　ゴールド　ＥＴＦ（為替ヘッジなし）,-
4480,メドレー,情報・通信業
4481,ベース,情報・通信業
4482,ウィルズ,情報・通信業
4483,ＪＭＤＣ,情報・通信業
4484,ランサーズ,情報・通信業
4486,ユナイトアンドグロウ,情報・通信業
4487,スペースマーケット,情報・通信業
4488,ＡＩ　ｉｎｓｉｄｅ,情報・通信業
448A,ステート・ストリート・スパイダー　ゴールド　ＥＴＦ（為替ヘッジあり）,-
4490,ビザスク,情報・通信業
4491,コンピューターマネージメント,情報・通信業
4492,ゼネテック,情報・通信業
4493,サイバーセキュリティクラウド,情報・通信業
4494,バリオセキュア,情報・通信業
4495,アイキューブドシステムズ,情報・通信業
4496,コマースＯｎｅホールディングス,情報・通信業
4498,サイバートラスト,情報・通信業
4499,Ｓｐｅｅｅ,情報・通信業
449A,ステート・ストリート・スパイダー　Ｓ＆Ｐ５００　ＥＴＦ（為替ヘッジなし）,-
4502,武田薬品工業,医薬品
4503,アステラス製薬,医薬品
4506,住友ファーマ,医薬品
4507,塩野義製薬,医薬品
450A,ステート・ストリート・スパイダー　Ｓ＆Ｐ５００　ＥＴＦ（為替ヘッジあり）,-
4512,わかもと製薬,医薬品
4516,日本新薬,医薬品
4519,中外製薬,医薬品
451A,ステート・ストリート・スパイダー　Ｓ＆Ｐ５００高配当株　ＥＴＦ,-
4521,科研製薬,医薬品
4523,エーザイ,医薬品
4524,森下仁丹,医薬品
4526,理研ビタミン,食料品
4527,ロート製薬,医薬品
4528,小野薬品工業,医薬品
452A,ｉシェアーズ　Ｓ＆Ｐ　５００　プレミアムインカム　ＥＴＦ,-
4530,久光製薬,医薬品
4531,有機合成薬品工業,化学
4534,持田製薬,医薬品
4536,参天製薬,医薬品
4538,扶桑薬品工業,医薬品
4539,日本ケミファ,医薬品
453A,ｉシェアーズ　米国債２０年超　プレミアムインカム　ＥＴＦ,-
4540,ツムラ,医薬品
4543,テルモ,精密機器
4544,Ｈ．Ｕ．グループホールディングス,サービス業
4547,キッセイ薬品工業,医薬品
4548,生化学工業,医薬品
4549,栄研化学,医薬品
4552,ＪＣＲファーマ,医薬品
4553,東和薬品,医薬品
4554,富士製薬工業,医薬品
4556,カイノス,医薬品
4558,中京医薬品,医薬品
4559,ゼリア新薬工業,医薬品
455A,バリューソフトホールディングス,情報・通信業
4563,アンジェス,医薬品
4564,オンコセラピー・サイエンス,医薬品
4565,ネクセラファーマ,医薬品
4568,第一三共,医薬品
4569,杏林製薬,医薬品
456A,ＨＵＭＡＮ　ＭＡＤＥ,小売業
4570,免疫生物研究所,医薬品
4571,ＮＡＮＯホールディングス,医薬品
4572,カルナバイオサイエンス,医薬品
4574,大幸薬品,医薬品
4575,キャンバス,医薬品
4576,デ・ウエスタン・セラピテクス研究所,医薬品
4577,ダイト,医薬品
4578,大塚ホールディングス,医薬品
4579,ラクオリア創薬,医薬品
457A,ルリアン,サービス業
4582,シンバイオ製薬,医薬品
4583,カイオム・バイオサイエンス,医薬品
4584,キッズウェル・バイオ,医薬品
4586,メドレックス,医薬品
4587,ペプチドリーム,医薬品
4588,オンコリスバイオファーマ,医薬品
458A,プラン・ドゥ,不動産業
4591,リボミック,医薬品
4592,サンバイオ,医薬品
4593,ヘリオス,医薬品
4594,ブライトパス・バイオ,医薬品
4595,ミズホメディー,医薬品
4596,窪田製薬ホールディングス,医薬品
4597,ソレイジア・ファーマ,医薬品
4598,Ｄｅｌｔａ－Ｆｌｙ　Ｐｈａｒｍａ,医薬品
4599,ステムリム,医薬品
459A,野村高利回りＪリート指数ＥＴＦ,-
460A,ＢＲＡＮＵ,情報・通信業
4611,大日本塗料,化学
4612,日本ペイントホールディングス,化学
4613,関西ペイント,化学
4615,神東塗料,化学
4616,川上塗料,化学
4617,中国塗料,化学
4619,日本特殊塗料,化学
461A,ＭＡＸＩＳ日本株高配当ＳＭＡＲＴ５０上場投信,-
4620,藤倉化成,化学
4623,アサヒペン,化学
4624,イサム塗料,化学
4625,アトミクス,化学
4626,太陽ホールディングス,化学
4627,ナトコ,化学
4628,エスケー化研,化学
4629,大伸化学,化学
462A,ＦＵＮＤＩＮＮＯ,証券、商品先物取引業
4631,ＤＩＣ,化学
4633,サカタインクス,化学
4634,ａｒｔｉｅｎｃｅ,化学
4635,東京インキ,化学
463A,インテリックスホールディングス,不動産業
4641,アルプス技研,サービス業
4642,オリジナル設計,サービス業
4644,イマジニア,情報・通信業
4645,市進ホールディングス,サービス業
464A,ＱＰＳホールディングス,情報・通信業
4650,ＳＤエンターテイメント,サービス業
4651,サニックスホールディングス,サービス業
4657,環境管理センター,サービス業
4658,日本空調サービス,サービス業
4659,エイジス,サービス業
465A,グローバルＸ　日経平均株主還元４０－日本株式　ＥＴＦ,-
4661,オリエンタルランド,サービス業
4662,フォーカスシステムズ,情報・通信業
4664,アール・エス・シー,サービス業
4665,ダスキン,サービス業
4666,パーク２４,不動産業
4667,アイサンテクノロジー,情報・通信業
4668,明光ネットワークジャパン,サービス業
466A,グローバルＸ　防衛テック　ＥＴＦ,-
4671,ファルコホールディングス,サービス業
4673,川崎地質,サービス業
4674,クレスコ,情報・通信業
4676,フジ・メディア・ホールディングス,情報・通信業
4678,秀英予備校,サービス業
4679,田谷,サービス業
467A,グローバルＸ　米ドル建て投資適格社債　ＥＴＦ（為替ヘッジあり）,-
4680,ラウンドワン,サービス業
4681,リゾートトラスト,サービス業
4684,オービック,情報・通信業
4685,菱友システムズ,情報・通信業
4686,ジャストシステム,情報・通信業
4687,ＴＤＣソフト,情報・通信業
4689,ＬＩＮＥヤフー,情報・通信業
468A,グローバルＸ　米ドル建て投資適格社債　ＥＴＦ,-
4690,日本パレットプール,サービス業
4691,ワシントンホテル,サービス業
4694,ビー・エム・エル,サービス業
469A,フィットクルー,サービス業
4704,トレンドマイクロ,情報・通信業
4705,クリップコーポレーション,サービス業
4707,キタック,サービス業
4709,ＩＤホールディングス,情報・通信業
470A,ローカル,小売業
4712,ＫｅｙＨｏｌｄｅｒ,サービス業
4714,リソー教育グループ,サービス業
4716,日本オラクル,情報・通信業
4718,早稲田アカデミー,サービス業
4719,アルファシステムズ,情報・通信業
471A,ＮＳグループ,その他金融業
4720,城南進学研究社,サービス業
4722,フューチャー,情報・通信業
4725,ＣＡＣ　Ｈｏｌｄｉｎｇｓ,情報・通信業
4728,トーセ,情報・通信業
472A,ミラティブ,情報・通信業
4732,ユー・エス・エス,サービス業
4733,オービックビジネスコンサルタント,情報・通信業
4735,京進,サービス業
4736,日本ラッド,情報・通信業
473A,ニッセイＥＴＦ　日経２２５インデックス,-
4743,アイティフォー,情報・通信業
4745,東京個別指導学院,サービス業
4746,東計電算,情報・通信業
4750,ダイサン,サービス業
4751,サイバーエージェント,サービス業
4752,昭和システムエンジニアリング,情報・通信業
4754,トスネット,サービス業
4755,楽天グループ,サービス業
475A,ギミック,サービス業
4760,アルファ,サービス業
4761,さくらケーシーエス,情報・通信業
4762,エックスネット,情報・通信業
4763,クリーク・アンド・リバー社,サービス業
4765,ＳＢＩグローバルアセットマネジメント,サービス業
4766,ピーエイ,サービス業
4767,テー・オー・ダブリュー,サービス業
4768,大塚商会,情報・通信業
4769,ＩＣ,情報・通信業
476A,辻・本郷ＩＴコンサルティング,情報・通信業
4771,エフアンドエム,サービス業
4772,ＳＭ　ＥＮＴＥＲＴＡＩＮＭＥＮＴ　ＪＡＰＡＮ,情報・通信業
4776,サイボウズ,情報・通信業
4777,ガーラ,情報・通信業
477A,スタートライン,サービス業
4783,ＮＣＤ,情報・通信業
4784,ＧＭＯインターネット,サービス業
478A,フツパー,情報・通信業
4792,山田コンサルティンググループ,サービス業
479A,ＰＲＯＮＩ,情報・通信業
4800,オリコン,情報・通信業
4801,セントラルスポーツ,サービス業
4809,パラカ,不動産業
480A,リブ・コンサルティング,サービス業
4811,ドリーム・アーツ,情報・通信業
4812,電通総研,情報・通信業
4813,ＡＣＣＥＳＳ,情報・通信業
4814,ネクストウェア,情報・通信業
4816,東映アニメーション,情報・通信業
4819,デジタルガレージ,情報・通信業
481A,ＪＳｅｃｕｒｉｔｙ,情報・通信業
4820,イーエムシステムズ,情報・通信業
4825,ウェザーニューズ,情報・通信業
4826,ＣＩＪ,情報・通信業
4828,ビジネスエンジニアリング,情報・通信業
4829,日本エンタープライズ,情報・通信業
4832,ＪＦＥシステムズ,情報・通信業
4833,Ｄｅｆ　ｃｏｎｓｕｌｔｉｎｇ,サービス業
4838,スペースシャワーＳＫＩＹＡＫＩホールディングス,情報・通信業
4839,ＷＯＷＯＷ,情報・通信業
483A,テラテクノロジー,情報・通信業
4840,トライアイズ,サービス業
4845,スカラ,情報・通信業
4847,インテリジェント　ウェイブ,情報・通信業
4848,フルキャストホールディングス,サービス業
4849,エン,サービス業
484A,ニューズドテック,小売業
485A,パワーエックス,電気機器
486A,ＮＥＸＴ　ＦＵＮＤＳ　ユーロ・ストックス５０指数（為替ヘッジなし）連動型上場投信,-
4875,メディシノバ・インク,医薬品
487A,ＮＥＸＴ　ＦＵＮＤＳ　ドイツ株式・ＤＡＸ（為替ヘッジなし）連動型上場投信,-
4880,セルソース,医薬品
4881,ファンペップ,医薬品
4882,ペルセウスプロテオミクス,医薬品
4883,モダリス,医薬品
4884,クリングルファーマ,医薬品
4885,室町ケミカル,医薬品
4886,あすか製薬ホールディングス,医薬品
4887,サワイグループホールディングス,医薬品
4888,ステラファーマ,医薬品
4889,レナサイエンス,医薬品
488A,ｉシェアーズ　円高フォーカス　ＥＴＦ,-
4890,坪田ラボ,医薬品
4891,ティムス,医薬品
4892,サイフューズ,医薬品
4893,ノイルイミューン・バイオテック,医薬品
4894,クオリプス,医薬品
4896,ケイファーマ,医薬品
489A,東証ＲＥＩＴ物流フォーカスＥＴＦ,-
4901,富士フイルムホールディングス,化学
4902,コニカミノルタ,電気機器
490A,センス・トラスト,不動産業
4911,資生堂,化学
4912,ライオン,化学
4914,高砂香料工業,化学
4917,マンダム,化学
4918,アイビー化粧品,化学
4919,ミルボン,化学
4920,日本色材工業研究所,化学
4922,コーセー,化学
4923,コタ,化学
4925,ハーバー研究所,化学
4926,シーボン,化学
4927,ポーラ・オルビスホールディングス,化学
4928,ノエビアホールディングス,化学
4929,アジュバンホールディングス,化学
4931,新日本製薬,化学
4932,アルマード,化学
4933,Ｉ－ｎｅ,化学
4934,プレミアアンチエイジング,化学
4935,リベルタ,化学
4936,アクシージア,化学
4937,Ｗａｑｏｏ,化学
4951,エステー,化学
4956,コニシ,化学
4957,ヤスハラケミカル,化学
4958,長谷川香料,化学
4960,ケミプロ化成,化学
4966,上村工業,化学
4967,小林製薬,化学
4968,荒川化学工業,化学
4970,東洋合成工業,化学
4971,メック,化学
4972,綜研化学,化学
4973,日本高純度化学,化学
4974,タカラバイオ,化学
4975,ＪＣＵ,化学
4976,東洋ドライルーブ,化学
4977,新田ゼラチン,化学
4978,リプロセル,化学
4979,ＯＡＴアグリオ,化学
4980,デクセリアルズ,化学
4985,アース製薬,化学
4990,昭和化学工業,化学
4992,北興化学工業,化学
4994,大成ラミックグループ,化学
4996,クミアイ化学工業,化学
4997,日本農薬,化学
4998,フマキラー,化学
5010,日本精蝋,石油・石炭製品
5011,ニチレキグループ,石油・石炭製品
5013,ユシロ,石油・石炭製品
5015,ビーピー・カストロール,石油・石炭製品
5016,ＪＸ金属,非鉄金属
5017,富士石油,石油・石炭製品
5018,ＭＯＲＥＳＣＯ,石油・石炭製品
5019,出光興産,石油・石炭製品
5020,ＥＮＥＯＳホールディングス,石油・石炭製品
5021,コスモエネルギーホールディングス,石油・石炭製品
5022,レボインターナショナル,石油・石炭製品
5025,マーキュリー,情報・通信業
5026,トリプルアイズ,情報・通信業
5027,ＡｎｙＭｉｎｄ　Ｇｒｏｕｐ,情報・通信業
5028,セカンドサイトアナリティカ,情報・通信業
5029,サークレイス,情報・通信業
5031,モイ,情報・通信業
5032,ＡＮＹＣＯＬＯＲ,情報・通信業
5033,ヌーラボ,情報・通信業
5034,ｕｎｅｒｒｙ,情報・通信業
5035,ＨＯＵＳＥＩ,情報・通信業
5036,日本ビジネスシステムズ,情報・通信業
5037,フィットワークス,情報・通信業
5038,ｅＷｅＬＬ,情報・通信業
5071,ヴィス,サービス業
5072,アートフォースジャパン,建設業
5074,テスホールディングス,建設業
5076,インフロニア・ホールディングス,建設業
50765,インフロニア・ホールディングス第１回社債型種類株式,建設業
5077,ハンズ,建設業
5078,セレコーポレーション,建設業
5079,ノバック,建設業
5101,横浜ゴム,ゴム製品
5103,昭和ホールディングス,ゴム製品
5105,ＴＯＹＯ　ＴＩＲＥ,ゴム製品
5108,ブリヂストン,ゴム製品
5110,住友ゴム工業,ゴム製品
5121,藤倉コンポジット,ゴム製品
5122,オカモト,ゴム製品
5125,ファインズ,情報・通信業
5126,ポーターズ,情報・通信業
5129,ＦＩＸＥＲ,情報・通信業
5130,ヒロホールディングス,情報・通信業
5131,リンカーズ,情報・通信業
5132,ｐｌｕｓｚｅｒｏ,情報・通信業
5133,テリロジーホールディングス,情報・通信業
5134,ＰＯＰＥＲ,情報・通信業
5135,ＡＩＲ－Ｕ,情報・通信業
5136,ｔｒｉｐｌａ,情報・通信業
5137,スマートドライブ,情報・通信業
5138,Ｒｅｂａｓｅ,情報・通信業
5139,オープンワーク,情報・通信業
5142,アキレス,化学
5161,西川ゴム工業,ゴム製品
5162,朝日ラバー,ゴム製品
5184,ニチリン,ゴム製品
5185,フコク,ゴム製品
5186,ニッタ,ゴム製品
5187,クリエートメディック,精密機器
5189,櫻護謨,ゴム製品
5191,住友理工,ゴム製品
5192,三ツ星ベルト,ゴム製品
5194,相模ゴム工業,ゴム製品
5195,バンドー化学,ゴム製品
5199,不二ラテックス,ゴム製品
5201,ＡＧＣ,ガラス・土石製品
5202,日本板硝子,ガラス・土石製品
5204,石塚硝子,ガラス・土石製品
5208,有沢製作所,化学
5210,日本山村硝子,ガラス・土石製品
5214,日本電気硝子,ガラス・土石製品
5216,倉元製作所,ガラス・土石製品
5218,オハラ,ガラス・土石製品
5232,住友大阪セメント,ガラス・土石製品
5233,太平洋セメント,ガラス・土石製品
5237,ノザワ,ガラス・土石製品
5240,ｍｏｎｏＡＩ　ｔｅｃｈｎｏｌｏｇｙ,情報・通信業
5242,アイズ,情報・通信業
5243,ｎｏｔｅ,情報・通信業
5244,ｊｉｇ．ｊｐ,情報・通信業
5246,ＥＬＥＭＥＮＴＳ,情報・通信業
5247,ＢＴＭ,情報・通信業
5248,テクノロジーズ,情報・通信業
5249,あさかわシステムズ,情報・通信業
5250,プライム・ストラテジー,情報・通信業
5251,ウイズ・ワン,情報・通信業
5252,日本ナレッジ,情報・通信業
5253,カバー,情報・通信業
5254,Ａｒｅｎｔ,情報・通信業
5255,モンスターラボ,情報・通信業
5256,Ｆｕｓｉｃ,情報・通信業
5257,ノバシステム,情報・通信業
5258,トランザクション・メディア・ネットワークス,情報・通信業
5259,ＢＢＤイニシアティブ,情報・通信業
5261,リソルホールディングス,サービス業
5262,日本ヒューム,ガラス・土石製品
5268,旭コンクリート工業,ガラス・土石製品
5269,日本コンクリート工業,ガラス・土石製品
5271,トーヨーアサノ,ガラス・土石製品
5273,三谷セキサン,ガラス・土石製品
5279,日本興業,ガラス・土石製品
5280,ヨシコン,不動産業
5282,ジオスター,ガラス・土石製品
5283,高見澤,卸売業
5284,ヤマウホールディングス,ガラス・土石製品
5285,ヤマックス,ガラス・土石製品
5287,イトーヨーギョー,ガラス・土石製品
5288,アジアパイルホールディングス,ガラス・土石製品
5290,ベルテクスコーポレーション,ガラス・土石製品
5301,東海カーボン,ガラス・土石製品
5302,日本カーボン,ガラス・土石製品
5304,ＳＥＣカーボン,ガラス・土石製品
5310,東洋炭素,ガラス・土石製品
5331,ノリタケ,ガラス・土石製品
5332,ＴＯＴＯ,ガラス・土石製品
5333,日本碍子,ガラス・土石製品
5334,日本特殊陶業,ガラス・土石製品
5337,ダントーホールディングス,ガラス・土石製品
5341,ＡＳＡＨＩ　ＥＩＴＯホールディングス,ガラス・土石製品
5344,ＭＡＲＵＷＡ,ガラス・土石製品
5351,品川リフラ,ガラス・土石製品
5352,黒崎播磨,ガラス・土石製品
5355,日本坩堝,ガラス・土石製品
5356,美濃窯業,ガラス・土石製品
5357,ヨータイ,ガラス・土石製品
5363,東京窯業,ガラス・土石製品
5367,ニッカトー,ガラス・土石製品
5368,日本インシュレーション,ガラス・土石製品
5380,新東,ガラス・土石製品
5381,マイポックス,ガラス・土石製品
5384,フジミインコーポレーテッド,ガラス・土石製品
5386,鶴弥,ガラス・土石製品
5388,クニミネ工業,ガラス・土石製品
5391,エーアンドエーマテリアル,ガラス・土石製品
5393,ニチアス,ガラス・土石製品
5401,日本製鉄,鉄鋼
5406,神戸製鋼所,鉄鋼
5408,中山製鋼所,鉄鋼
5410,合同製鐵,鉄鋼
5411,ＪＦＥホールディングス,鉄鋼
5423,東京製鐵,鉄鋼
5440,共英製鋼,鉄鋼
5444,大和工業,鉄鋼
5445,東京鐵鋼,鉄鋼
5446,北越メタル,鉄鋼
5449,大阪製鐵,鉄鋼
5451,ヨドコウ,鉄鋼
5458,高砂鐵工,鉄鋼
5461,中部鋼鈑,鉄鋼
5463,丸一鋼管,鉄鋼
5464,モリ工業,鉄鋼
5471,大同特殊鋼,鉄鋼
5476,日本高周波鋼業,鉄鋼
5480,日本冶金工業,鉄鋼
5482,愛知製鋼,鉄鋼
5484,東北特殊鋼,鉄鋼
5491,日本金属,鉄鋼
5525,フロンティアホールディングス,不動産業
5527,ｐｒｏｐｅｒｔｙ　ｔｅｃｈｎｏｌｏｇｉｅｓ,不動産業
5528,フロンティアハウス,不動産業
5531,中山不動産,不動産業
5532,リアルゲイト,不動産業
5533,エリッツホールディングス,不動産業
5534,エンゼルグループ,不動産業
5535,ミガロホールディングス,不動産業
5536,京橋アートレジデンス,不動産業
5537,ＡｌｂａＬｉｎｋ,不動産業
5541,大平洋金属,鉄鋼
5542,新報国マテリアル,鉄鋼
5563,新日本電工,鉄鋼
5570,ジェノバ,情報・通信業
5571,エキサイトホールディングス,情報・通信業
5572,Ｒｉｄｇｅ－ｉ,情報・通信業
5573,働楽ホールディングス,情報・通信業
5574,ＡＢＥＪＡ,情報・通信業
5575,Ｇｌｏｂｅｅ,情報・通信業
5576,オービーシステム,情報・通信業
5578,ＡＲアドバンストテクノロジ,情報・通信業
5580,プロディライト,情報・通信業
5581,カイテクノロジー,情報・通信業
5582,グリッド,情報・通信業
5584,Ｓｔｒａｗｂｅｒｒｙ　ｊａｍｓ,情報・通信業
5586,Ｌａｂｏｒｏ．ＡＩ,情報・通信業
5587,インバウンドプラットフォーム,情報・通信業
5588,ファーストアカウンティング,情報・通信業
5589,オートサーバー,情報・通信業
5590,ネットスターズ,情報・通信業
5591,ＡＶＩＬＥＮ,情報・通信業
5592,くすりの窓口,情報・通信業
5594,エム・デー・ビー,情報・通信業
5596,アウトルックコンサルティング,情報・通信業
5597,ブルーイノベーション,情報・通信業
5598,Ｙｏｔｔａｖｉａｓ,情報・通信業
5599,Ｓ＆Ｊ,情報・通信業
5602,栗本鐵工所,鉄鋼
5603,虹技,鉄鋼
5609,日本鋳造,鉄鋼
5612,日本鋳鉄管,鉄鋼
5616,雨風太陽,情報・通信業
5617,ウィル・ドゥ,情報・通信業
5618,ナイル,情報・通信業
5619,マーソ,情報・通信業
5620,エスピーオー,情報・通信業
5621,ヒューマンテクノロジーズ,情報・通信業
5622,ワンビ,情報・通信業
5631,日本製鋼所,機械
5632,三菱製鋼,鉄鋼
5644,メタルアート,鉄鋼
5658,日亜鋼業,鉄鋼
5659,日本精線,鉄鋼
5660,神鋼鋼線工業,鉄鋼
5695,パウダーテック,鉄鋼
5697,サンユウ,鉄鋼
5698,エンビプロ・ホールディングス,鉄鋼
5699,イボキン,鉄鋼
5702,大紀アルミニウム工業所,非鉄金属
5703,日本軽金属ホールディングス,非鉄金属
5704,ＪＭＣ,非鉄金属
5706,三井金属,非鉄金属
5707,東邦亜鉛,非鉄金属
5711,三菱マテリアル,非鉄金属
5713,住友金属鉱山,非鉄金属
5714,ＤＯＷＡホールディングス,非鉄金属
5715,古河機械金属,非鉄金属
5721,エス・サイエンス,非鉄金属
5724,アサカ理研,非鉄金属
5726,大阪チタニウムテクノロジーズ,非鉄金属
5727,東邦チタニウム,非鉄金属
5729,日本精鉱,非鉄金属
5741,ＵＡＣＪ,非鉄金属
5742,エヌアイシ・オートテック,非鉄金属
5753,日本伸銅,非鉄金属
5757,ＣＫサンエツ,非鉄金属
5801,古河電気工業,非鉄金属
5802,住友電気工業,非鉄金属
5803,フジクラ,非鉄金属
5805,ＳＷＣＣ,非鉄金属
5816,オーナンバ,非鉄金属
5817,ＪＭＡＣＳ,非鉄金属
5819,カナレ電気,非鉄金属
5820,三ッ星,非鉄金属
5821,平河ヒューテック,非鉄金属
5830,いよぎんホールディングス,銀行業
5831,しずおかフィナンシャルグループ,銀行業
5832,ちゅうぎんフィナンシャルグループ,銀行業
5834,ＳＢＩリーシングサービス,証券、商品先物取引業
5838,楽天銀行,銀行業
5840,日本総険,保険業
5842,インテグラル,証券、商品先物取引業
5843,ニッポンインシュア,その他金融業
5844,京都フィナンシャルグループ,銀行業
5845,全保連,その他金融業
5851,リョービ,非鉄金属
5852,アーレスティ,非鉄金属
5856,エルアイイーエイチ,小売業
5857,ＡＲＥホールディングス,非鉄金属
5858,ＳＴＧ,非鉄金属
5866,ＷｉｚＢｉｚ,サービス業
5867,エスネットワークス,サービス業
5868,ロココ,サービス業
5869,早稲田学習研究会,サービス業
5870,ナルネットコミュニケーションズ,サービス業
5871,ＳＯＬＩＺＥ　Ｈｏｌｄｉｎｇｓ,サービス業
5883,ＧＴホールディングス,卸売業
5884,クラダシ,小売業
5885,ジーデップ・アドバンス,卸売業
5886,ＯＯＫＡＢＥ　ＧＬＡＳＳ,卸売業
5887,光響,卸売業
5888,ＤＡＩＷＡ　ＣＹＣＬＥ,小売業
5889,Ｊａｐａｎ　Ｅｙｅｗｅａｒ　Ｈｏｌｄｉｎｇｓ,小売業
5890,オフィスバスターズ,小売業
5891,魁力屋,小売業
5892,ｙｕｔｏｒｉ,小売業
5893,ＲＡＶＩＰＡ,小売業
5900,ダイケン,金属製品
5901,東洋製罐グループホールディングス,金属製品
5902,ホッカンホールディングス,金属製品
5903,シンポ,金属製品
5905,日本製罐,金属製品
5906,エムケー精工,金属製品
5909,コロナ,金属製品
5911,横河ブリッジホールディングス,金属製品
5915,駒井ハルテック,金属製品
5918,瀧上工業,金属製品
5921,川岸工業,金属製品
5922,那須電機鉄工,金属製品
5923,高田機工,金属製品
5928,アルメタックス,金属製品
5929,三和ホールディングス,金属製品
5930,文化シヤッター,金属製品
5932,三協立山,金属製品
5933,アルインコ,金属製品
5936,東洋シヤッター,金属製品
5938,ＬＩＸＩＬ,金属製品
5939,大谷工業,金属製品
5940,不二サッシ,金属製品
5941,中西製作所,金属製品
5942,日本フイルコン,金属製品
5943,ノーリツ,金属製品
5945,天龍製鋸,金属製品
5946,長府製作所,金属製品
5947,リンナイ,金属製品
5949,ユニプレス,輸送用機器
5950,日本パワーファスニング,金属製品
5951,ダイニチ工業,金属製品
5952,アマテイ,金属製品
5955,ワイズホールディングス,金属製品
5956,トーソー,金属製品
5957,日東精工,金属製品
5958,三洋工業,金属製品
5959,岡部,金属製品
5962,浅香工業,その他製品
5965,フジマック,金属製品
5966,京都機械工具,金属製品
5967,ＴＯＮＥ,金属製品
5969,ロブテックス,金属製品
5970,ジーテクト,金属製品
5971,共和工業所,金属製品
5973,トーアミ,金属製品
5974,中国工業,金属製品
5975,東プレ,金属製品
5976,高周波熱錬,金属製品
5981,東京製綱,金属製品
5982,マルゼン,金属製品
5983,イワブチ,金属製品
5984,兼房,金属製品
5985,サンコール,金属製品
5986,モリテック　スチール,金属製品
5987,オーネックス,金属製品
5988,パイオラックス,金属製品
5989,エイチワン,金属製品
5990,スーパーツール,金属製品
5991,日本発條,金属製品
5992,中央発條,金属製品
5994,ファインシンター,金属製品
5997,協立エアテック,金属製品
5998,アドバネクス,金属製品
6005,三浦工業,機械
6013,タクマ,機械
6016,ジャパンエンジンコーポレーション,輸送用機器
6018,阪神内燃機工業,輸送用機器
6022,赤阪鐵工所,機械
6023,ダイハツインフィニアース,輸送用機器
6027,弁護士ドットコム,サービス業
6029,アトラグループ,サービス業
6030,アドベンチャー,サービス業
6031,ＺＥＴＡ,サービス業
6033,エクストリーム,サービス業
6034,ＭＲＴ,サービス業
6035,アイ・アールジャパンホールディングス,サービス業
6036,ＫｅｅＰｅｒ技研,サービス業
6037,楽待,サービス業
6038,イード,サービス業
6039,日本動物高度医療センター,サービス業
6040,日本スキー場開発,サービス業
6042,ニッキ,輸送用機器
6044,三機サービス,サービス業
6045,レントラックス,サービス業
6046,リンクバル,サービス業
6047,Ｇｕｎｏｓｙ,サービス業
6049,イトクロ,サービス業
6050,イー・ガーディアン,サービス業
6054,リブセンス,サービス業
6055,ジャパンマテリアル,サービス業
6058,ベクトル,サービス業
6059,ウチヤマホールディングス,サービス業
6060,こころネット,サービス業
6061,ユニバーサル園芸社,サービス業
6062,チャーム・ケア・コーポレーション,サービス業
6063,日本エマージェンシーアシスタンス,サービス業
6069,トレンダーズ,サービス業
6070,キャリアリンク,サービス業
6071,ＩＢＪ,サービス業
6072,地盤ネットホールディングス,サービス業
6073,アサンテ,サービス業
6074,ジェイエスエス,サービス業
6078,バリューＨＲ,サービス業
6080,Ｍ＆Ａキャピタルパートナーズ,サービス業
6081,アライドアーキテクツ,サービス業
6082,ライドオンエクスプレスホールディングス,サービス業
6083,ＥＲＩホールディングス,サービス業
6085,アーキテクツ・スタジオ・ジャパン,サービス業
6086,シンメンテホールディングス,サービス業
6087,アビスト,サービス業
6088,シグマクシス・ホールディングス,サービス業
6089,ウィルグループ,サービス業
6090,ヒューマン・メタボローム・テクノロジーズ,サービス業
6091,ウエスコホールディングス,サービス業
6092,エンバイオ・ホールディングス,サービス業
6093,エスクロー・エージェント・ジャパン,サービス業
6094,フリークアウト・ホールディングス,サービス業
6096,レアジョブ,サービス業
6098,リクルートホールディングス,サービス業
6099,エラン,サービス業
6101,ツガミ,機械
6103,オークマ,機械
6104,芝浦機械,機械
6113,アマダ,機械
6118,アイダエンジニアリング,機械
6125,岡本工作機械製作所,機械
6134,ＦＵＪＩ,機械
6135,牧野フライス製作所,機械
6136,オーエスジー,機械
6137,小池酸素工業,機械
6138,ダイジェット工業,機械
6140,旭ダイヤモンド工業,機械
6141,ＤＭＧ森精機,機械
6143,ソディック,機械
6144,西部電機,機械
6145,ＮＩＴＴＯＫＵ,機械
6146,ディスコ,機械
6147,ヤマザキ,機械
6149,小田原エンジニアリング,機械
6150,タケダ機械,機械
6151,日東工器,機械
6155,高松機械工業,機械
6156,エーワン精密,機械
6157,日進工具,機械
6158,和井田製作所,機械
6159,ミクロン精密,機械
6161,エスティック,機械
6165,パンチ工業,機械
6166,中村超硬,機械
6167,冨士ダイス,機械
6168,ＯＮＥ　ＧＲＯＵＰ,機械
6171,土木管理総合試験所,サービス業
6173,アクアライン,サービス業
6174,デンタス,サービス業
6176,ブランジスタ,サービス業
6177,ＡｐｐＢａｎｋ,サービス業
6178,日本郵政,サービス業
6180,ＧＭＯメディア,サービス業
6181,タメニー,サービス業
6182,メタリアル,サービス業
6183,ベルシステム２４ホールディングス,サービス業
6184,鎌倉新書,サービス業
6185,ＳＭＮ,サービス業
6186,一蔵,サービス業
6189,グローバルキッズＣＯＭＰＡＮＹ,サービス業
6190,フェニックスバイオ,サービス業
6191,エアトリ,サービス業
6193,バーチャレクス・ホールディングス,サービス業
6194,アトラエ,サービス業
6195,ホープ,サービス業
6196,ストライク,サービス業
6197,ソラスト,サービス業
6198,キャリア,サービス業
6199,セラク,サービス業
6200,インソース,サービス業
6201,豊田自動織機,輸送用機器
6203,豊和工業,機械
6208,石川製作所,機械
6209,リケンＮＰＲ,機械
6210,ＴＯＹＯイノベックス,機械
6217,津田駒工業,機械
6218,エンシュウ,機械
6222,島精機製作所,機械
6223,西部技研,機械
6224,ＪＲＣ,機械
6226,守谷輸送機工業,機械
6227,ＡＩメカテック,機械
6228,ジェイ・イー・ティ,機械
6229,オーケーエム,機械
6230,ＳＡＮＥＩ,機械
6231,木村工機,機械
6232,ＡＣＳＬ,機械
6233,ＫＬＡＳＳ,機械
6235,オプトラン,機械
6237,イワキポンプ,機械
6238,フリュー,機械
6239,ナガオカ,機械
6240,ヤマシンフィルタ,機械
6245,ヒラノテクシード,機械
6246,テクノスマート,機械
6247,日阪製作所,機械
6248,横田製作所,機械
6249,ゲームカードホールディングス,機械
6250,やまびこ,機械
6254,野村マイクロ・サイエンス,機械
6255,エヌ・ピー・シー,機械
6257,藤商事,機械
6258,平田機工,機械
6262,ＰＥＧＡＳＵＳ,機械
6264,マルマエ,機械
6265,コンバム,機械
6266,タツモ,機械
6267,ゼネラルパッカー,機械
6268,ナブテスコ,機械
6269,三井海洋開発,機械
6272,レオン自動機,機械
6273,ＳＭＣ,機械
6276,シリウスビジョン,電気機器
6277,ホソカワミクロン,機械
6278,ユニオンツール,機械
6279,瑞光,機械
6282,オイレス工業,機械
6284,日精エー・エス・ビー機械,機械
6286,靜甲,機械
6287,サトー,機械
6289,技研製作所,機械
6291,日本エアーテック,機械
6292,カワタ,機械
6293,日精樹脂工業,機械
6294,オカダアイヨン,機械
6298,ワイエイシイホールディングス,機械
6301,小松製作所,機械
6302,住友重機械工業,機械
6305,日立建機,機械
6306,日工,機械
6307,サンセイ,機械
6309,巴工業,機械
6310,井関農機,機械
6312,フロイント産業,機械
6315,ＴＯＷＡ,機械
6316,丸山製作所,機械
6317,北川鉄工所,機械
6322,タクミナ,機械
6323,ローツェ,機械
6324,ハーモニック・ドライブ・システムズ,機械
6325,タカキタ,機械
6326,クボタ,機械
6327,北川精機,機械
6328,荏原実業,機械
6330,東洋エンジニアリング,建設業
6331,三菱化工機,機械
6332,月島ホールディングス,機械
6333,帝国電機製作所,機械
6334,明治機械,機械
6335,東京機械製作所,機械
6336,石井表記,機械
6337,テセック,機械
6338,タカトリ,機械
6339,新東工業,機械
6340,澁谷工業,機械
6342,太平製作所,機械
6343,フリージア・マクロス,機械
6345,アイチ　コーポレーション,機械
6346,キクカワエンタープライズ,機械
6347,プラコー,機械
6349,小森コーポレーション,機械
6351,鶴見製作所,機械
6356,日本ギア工業,機械
6357,三精テクノロジーズ,機械
6358,酒井重工業,機械
6360,東京自働機械製作所,機械
6361,荏原製作所,機械
6363,酉島製作所,機械
6364,ＡＩＲＭＡＮ,機械
6365,電業社機械製作所,機械
6366,千代田化工建設,建設業
6367,ダイキン工業,機械
6368,オルガノ,機械
6369,トーヨーカネツ,機械
6370,栗田工業,機械
6371,椿本チエイン,機械
6376,日機装,精密機器
6378,木村化工機,機械
6379,レイズネクスト,建設業
6380,オリエンタルチエン工業,機械
6381,アネスト岩田,機械
6382,トリニティ工業,機械
6383,ダイフク,機械
6384,昭和真空,機械
6387,サムコ,機械
6390,加藤製作所,機械
6391,加地テック,機械
6392,ヤマダコーポレーション,機械
6393,油研工業,機械
6395,タダノ,機械
6396,宇野澤組鐵工所,機械
6400,不二精機,機械
6402,兼松エンジニアリング,機械
6403,水道機工,機械
6405,鈴茂器工,機械
6406,フジテック,機械
6407,ＣＫＤ,機械
6408,小倉クラッチ,機械
6412,平和,機械
6413,理想科学工業,機械
6417,ＳＡＮＫＹＯ,機械
6418,日本金銭機械,機械
6419,マースグループホールディングス,機械
6420,ガリレイ,機械
6424,高見沢サイバネティックス,機械
6425,ユニバーサルエンターテインメント,機械
6428,オーイズミ,機械
6430,ダイコク電機,機械
6432,竹内製作所,機械
6433,ヒーハイスト,機械
6436,アマノ,機械
6440,ＪＵＫＩ,機械
6444,サンデン,機械
6445,ジャノメ,機械
6448,ブラザー工業,電気機器
6454,マックス,機械
6455,モリタホールディングス,輸送用機器
6457,グローリー,機械
6458,新晃工業,機械
6459,大和冷機工業,機械
6460,セガサミーホールディングス,機械
6463,ＴＰＲ,機械
6464,ツバキ・ナカシマ,機械
6465,ホシザキ,機械
6466,ＴＶＥ,機械
6467,ニチダイ,機械
6469,放電精密加工研究所,機械
6470,大豊工業,機械
6471,日本精工,機械
6472,ＮＴＮ,機械
6473,ジェイテクト,機械
6474,不二越,機械
6479,ミネベアミツミ,電気機器
6480,日本トムソン,機械
6481,ＴＨＫ,機械
6482,ＹＵＳＨＩＮ,機械
6484,ＫＶＫ,機械
6485,前澤給装工業,機械
6486,イーグル工業,機械
6488,ヨシタケ,機械
6489,前澤工業,機械
6490,ＰＩＬＬＡＲ,機械
6492,岡野バルブ製造,機械
6493,ＮＩＴＴＡＮ,輸送用機器
6494,ＮＦＫホールディングス,機械
6495,宮入バルブ製作所,機械
6496,中北製作所,機械
6497,ハマイ,機械
6498,キッツ,機械
6501,日立製作所,電気機器
6503,三菱電機,電気機器
6504,富士電機,電気機器
6505,東洋電機製造,電気機器
6506,安川電機,電気機器
6507,シンフォニアテクノロジー,電気機器
6508,明電舎,電気機器
6513,オリジン,電気機器
6516,山洋電気,電気機器
6517,デンヨー,電気機器
6518,三相電機,電気機器
6521,オキサイド,電気機器
6522,アスタリスク,電気機器
6523,ＰＨＣホールディングス,電気機器
6524,湖北工業,電気機器
6525,ＫＯＫＵＳＡＩ　ＥＬＥＣＴＲＩＣ,電気機器
6526,ソシオネクスト,電気機器
6527,ワカ製作所,電気機器
6532,ベイカレント,サービス業
6533,Ｏｒｃｈｅｓｔｒａ　Ｈｏｌｄｉｎｇｓ,サービス業
6535,アイモバイル,サービス業
6537,ＷＡＳＨハウス,サービス業
6538,ディスラプターズ,サービス業
6539,ＭＳ－Ｊａｐａｎ,サービス業
6540,船場,サービス業
6542,ＦＣホールディングス,サービス業
6543,日宣,サービス業
6544,ジャパンエレベーターサービスホールディングス,サービス業
6545,インターネットインフィニティー,サービス業
6546,フルテック,サービス業
6547,グリーンズ,サービス業
6548,旅工房,サービス業
6549,ディーエムソリューションズ,サービス業
6551,ツナググループ・ホールディングス,サービス業
6552,ＧａｍｅＷｉｔｈ,サービス業
6554,エスユーエス,サービス業
6555,ＭＳ＆Ｃｏｎｓｕｌｔｉｎｇ,サービス業
6557,ＡＩＡＩグループ,サービス業
6558,クックビズ,サービス業
6560,エル・ティー・エス,サービス業
6561,ＨＡＮＡＴＯＵＲ　ＪＡＰＡＮ,サービス業
6562,ジーニー,サービス業
6563,みらいワークス,サービス業
6564,ミダックホールディングス,サービス業
6565,ＡＢホテル,サービス業
6566,要興業,サービス業
6568,神戸天然物化学,サービス業
6570,共和コーポレーション,サービス業
6571,キュービーネットホールディングス,サービス業
6572,オープングループ,サービス業
6573,アジャイルメディア・ネットワーク,サービス業
6574,コンヴァノ,サービス業
6576,揚工舎,サービス業
6577,ベストワンドットコム,サービス業
6578,コレックホールディングス,サービス業
6579,ログリー,サービス業
6580,ライトアップ,サービス業
6584,三櫻工業,輸送用機器
6586,マキタ,機械
6588,東芝テック,電気機器
6590,芝浦メカトロニクス,電気機器
6592,マブチモーター,電気機器
6594,ニデック,電気機器
6596,筑波精工,電気機器
6597,ＨＰＣシステムズ,電気機器
6599,エブレン,電気機器
6612,バルミューダ,電気機器
6613,ＱＤレーザ,電気機器
6614,シキノハイテック,電気機器
6615,ユー・エム・シー・エレクトロニクス,電気機器
6616,トレックス・セミコンダクター,電気機器
6617,東光高岳,電気機器
6619,ダブル・スコープ,電気機器
6620,宮越ホールディングス,不動産業
6622,ダイヘン,電気機器
6625,ＪＡＬＣＯホールディングス,不動産業
6626,ＳＥＭＩＴＥＣ,電気機器
6627,テラプローブ,電気機器
6629,テクノホライゾン,電気機器
6630,ヤーマン,電気機器
6632,ＪＶＣケンウッド,電気機器
6633,ＣＧＳホールディングス,電気機器
6634,ネクスグループ,電気機器
6635,大日光・エンジニアリング,電気機器
6637,寺崎電気産業,電気機器
6638,ミマキエンジニアリング,電気機器
6643,戸上電機製作所,電気機器
6644,大崎電気工業,電気機器
6645,オムロン,電気機器
6647,森尾電機,電気機器
6648,かわでん,電気機器
6651,日東工業,電気機器
6652,ＩＤＥＣ,電気機器
6653,正興電機製作所,電気機器
6654,不二電機工業,電気機器
6656,インスペック,電気機器
6658,シライ電子工業,電気機器
6659,メディアリンクス,電気機器
6662,ユビテック,電気機器
6663,太洋テクノレックス,電気機器
6664,オプトエレクトロニクス,電気機器
6666,リバーエレテック,電気機器
6668,アドテック　プラズマ　テクノロジー,電気機器
6670,ＭＣＪ,電気機器
6674,ジーエス・ユアサ　コーポレーション,電気機器
6675,サクサ,電気機器
6676,ＢＵＦＦＡＬＯ,電気機器
6677,エスケーエレクトロニクス,電気機器
6678,テクノメディカ,電気機器
6694,ズーム,電気機器
6695,キャストリコ,電気機器
6696,トラース・オン・プロダクト,電気機器
6699,ダイヤモンドエレクトリックホールディングス,電気機器
6701,日本電気,電気機器
6702,富士通,電気機器
6703,沖電気工業,電気機器
6706,電気興業,電気機器
6707,サンケン電気,電気機器
6718,アイホン,電気機器
6721,ウインテスト,電気機器
6723,ルネサスエレクトロニクス,電気機器
6724,セイコーエプソン,電気機器
6727,ワコム,電気機器
6728,アルバック,電気機器
6730,アクセル,電気機器
6731,ピクセラ,電気機器
6734,ニューテック,電気機器
6736,サン電子,電気機器
6737,ＥＩＺＯ,電気機器
6740,ジャパンディスプレイ,電気機器
6741,日本信号,電気機器
6742,京三製作所,電気機器
6743,大同信号,電気機器
6744,能美防災,電気機器
6745,ホーチキ,電気機器
6748,星和電機,電気機器
6750,エレコム,電気機器
6752,パナソニック　ホールディングス,電気機器
6753,シャープ,電気機器
6754,アンリツ,電気機器
6757,ＯＳＧコーポレーション,電気機器
6758,ソニーグループ,電気機器
6762,ＴＤＫ,電気機器
6763,帝国通信工業,電気機器
6768,タムラ製作所,電気機器
6769,ザインエレクトロニクス,電気機器
6770,アルプスアルパイン,電気機器
6771,池上通信機,電気機器
6772,東京コスモス電機,電気機器
6775,ＴＢグループ,電気機器
6776,天昇電気工業,化学
6777,ｓａｎｔｅｃ　Ｈｏｌｄｉｎｇｓ,電気機器
6778,アルチザネットワークス,電気機器
6779,日本電波工業,電気機器
6785,鈴木,電気機器
6786,ＲＶＨ,サービス業
6787,メイコー,電気機器
6788,日本トリム,電気機器
6794,フォスター電機,電気機器
6797,名古屋電機工業,電気機器
6798,ＳＭＫ,電気機器
6800,ヨコオ,電気機器
6803,ティアック,電気機器
6804,ホシデン,電気機器
6806,ヒロセ電機,電気機器
6807,日本航空電子工業,電気機器
6809,ＴＯＡ,電気機器
6810,マクセル,電気機器
6814,古野電気,電気機器
6817,スミダコーポレーション,電気機器
6819,伊豆シャボテンリゾート,サービス業
6820,アイコム,電気機器
6822,大井電気,電気機器
6823,リオン,電気機器
6824,新コスモス電機,電気機器
6832,アオイ電子,電気機器
6834,精工技研,電気機器
6835,アライドテレシスホールディングス,電気機器
6836,ぷらっとホーム,電気機器
6837,京写,電気機器
6838,多摩川ホールディングス,電気機器
6840,ＡＫＩＢＡホールディングス,電気機器
6841,横河電機,電気機器
6844,新電元工業,電気機器
6845,アズビル,電気機器
6848,東亜ディーケーケー,電気機器
6849,日本光電工業,電気機器
6850,チノー,電気機器
6853,共和電業,電気機器
6855,日本電子材料,電気機器
6856,堀場製作所,電気機器
6857,アドバンテスト,電気機器
6858,小野測器,電気機器
6859,エスペック,電気機器
6861,キーエンス,電気機器
6862,ミナトホールディングス,電気機器
6863,ニレコ,電気機器
6864,エヌエフホールディングス,電気機器
6866,日置電機,電気機器
6867,リーダー電子,電気機器
6869,シスメックス,電気機器
6870,日本フェンオール,電気機器
6871,日本マイクロニクス,電気機器
6874,協立電機,電気機器
6875,メガチップス,電気機器
6877,ＯＢＡＲＡ　ＧＲＯＵＰ,電気機器
6882,三社電機製作所,電気機器
6888,アクモス,情報・通信業
6890,フェローテック,電気機器
6894,パルステック工業,電気機器
6897,ツインバード,電気機器
6898,トミタ電機,電気機器
6899,ＡＳＴＩ,電気機器
6901,澤藤電機,電気機器
6902,デンソー,輸送用機器
6904,原田工業,電気機器
6905,コーセル,電気機器
6907,ジオマテック,電気機器
6908,イリソ電子工業,電気機器
6912,菊水ホールディングス,電気機器
6914,オプテックスグループ,電気機器
6915,千代田インテグレ,電気機器
6918,アバールデータ,電気機器
6919,ケル,電気機器
6920,レーザーテック,電気機器
6923,スタンレー電気,電気機器
6925,ウシオ電機,電気機器
6926,岡谷電機産業,電気機器
6927,ヘリオス　テクノ　ホールディング,電気機器
6928,エノモト,電気機器
6929,日本セラミック,電気機器
6932,遠藤照明,電気機器
6941,山一電機,電気機器
6942,ソフィアホールディングス,情報・通信業
6943,ＮＫＫスイッチズ,電気機器
6946,日本アビオニクス,電気機器
6947,図研,電気機器
6951,日本電子,電気機器
6952,カシオ計算機,電気機器
6954,ファナック,電気機器
6955,ＦＤＫ,電気機器
6957,芝浦電子,電気機器
6958,日本シイエムケイ,電気機器
6960,フクダ電子,電気機器
6961,エンプラス,電気機器
6962,大真空,電気機器
6963,ローム,電気機器
6964,サンコー,電気機器
6965,浜松ホトニクス,電気機器
6966,三井ハイテック,電気機器
6969,松尾電機,電気機器
6971,京セラ,電気機器
6976,太陽誘電,電気機器
6977,日本抵抗器製作所,電気機器
6981,村田製作所,電気機器
6982,リード,輸送用機器
6986,双葉電子工業,電気機器
6988,日東電工,化学
6989,北陸電気工業,電気機器
6993,大黒屋ホールディングス,小売業
6994,指月電機製作所,電気機器
6995,東海理化電機製作所,輸送用機器
6996,ニチコン,電気機器
6997,日本ケミコン,電気機器
6998,日本タングステン,電気機器
6999,ＫＯＡ,電気機器
7003,三井Ｅ＆Ｓ,機械
7004,カナデビア,機械
7011,三菱重工業,機械
7012,川崎重工業,輸送用機器
7013,ＩＨＩ,機械
7014,名村造船所,輸送用機器
7018,内海造船,輸送用機器
7021,ニッチツ,機械
7022,サノヤスホールディングス,機械
7030,スプリックス,サービス業
7031,インバウンドテック,サービス業
7033,マネジメントソリューションズ,サービス業
7034,プロレド・パートナーズ,サービス業
7035,ａｎｄ　ｆａｃｔｏｒｙ,サービス業
7036,イーエムネットジャパン,サービス業
7037,テノ．ホールディングス,サービス業
7038,フロンティア・マネジメント,サービス業
7039,ブリッジインターナショナルグループ,サービス業
7040,サン・ライフホールディング,サービス業
7041,ＣＲＧホールディングス,サービス業
7042,アクセスグループ・ホールディングス,サービス業
7043,アルー,サービス業
7044,ピアラ,サービス業
7046,ＴＤＳＥ,サービス業
7047,ポート,サービス業
7048,ベルトラ,サービス業
7049,識学,サービス業
7050,フロンティアインターナショナル,サービス業
7056,マルク,サービス業
7057,エヌ・シー・エヌ,サービス業
7058,共栄セキュリティーサービス,サービス業
7059,コプロ・ホールディングス,サービス業
7060,ギークス,サービス業
7061,日本ホスピスホールディングス,サービス業
7062,フレアス,サービス業
7063,Ｂｉｒｄｍａｎ,サービス業
7064,ハウテレビジョン,サービス業
7065,ユーピーアール,サービス業
7066,ピアズ,サービス業
7067,ブランディングテクノロジー,サービス業
7068,フィードフォースグループ,サービス業
7069,サイバー・バズ,サービス業
7071,アンビスホールディングス,サービス業
7072,インティメート・マージャー,サービス業
7073,ジェイック,サービス業
7074,トゥエンティーフォーセブンホールディングス,サービス業
7075,ＱＬＳホールディングス,サービス業
7077,ＡＬｉＮＫインターネット,サービス業
7078,ＩＮＣＬＵＳＩＶＥ　Ｈｏｌｄｉｎｇｓ,サービス業
7079,ＷＤＢココ,サービス業
7080,スポーツフィールド,サービス業
7081,コーユーレンティア,サービス業
7082,ジモティー,サービス業
7083,ＡＨＣグループ,サービス業
7084,Ｓｍｉｌｅ　Ｈｏｌｄｉｎｇｓ,サービス業
7085,カーブスホールディングス,サービス業
7087,ウイルテック,サービス業
7088,フォーラムエンジニアリング,サービス業
7089,フォースタートアップス,サービス業
7090,リグア,サービス業
7091,リビングプラットフォーム,サービス業
7092,Ｆａｓｔ　Ｆｉｔｎｅｓｓ　Ｊａｐａｎ,サービス業
7093,アディッシュ,サービス業
7094,ＮｅｘＴｏｎｅ,サービス業
7095,Ｍａｃｂｅｅ　Ｐｌａｎｅｔ,サービス業
7096,ステムセル研究所,サービス業
7097,さくらさくプラス,サービス業
7098,エージェント,サービス業
7102,日本車輌製造,輸送用機器
7105,三菱ロジスネクスト,輸送用機器
7110,クラシコム,小売業
7111,ＩＮＥＳＴ,卸売業
7112,キューブ,小売業
7114,フーディソン,卸売業
7115,アルファパーチェス,卸売業
7116,ダイワ通信,卸売業
7119,ハルメクホールディングス,小売業
7120,ＳＨＩＮＫＯ,卸売業
7122,近畿車輛,輸送用機器
7126,グローバルスタイル,小売業
7127,一家ホールディングス,小売業
7128,フルサト・マルカホールディングス,卸売業
7129,ミアヘルサホールディングス,小売業
7130,ヤマエグループホールディングス,卸売業
7131,のむら産業,卸売業
7132,フローバル,卸売業
7133,ＨＹＵＧＡ　ＰＲＩＭＡＲＹ　ＣＡＲＥ,小売業
7134,アップガレージグループ,小売業
7135,ジャパンクラフトホールディングス,小売業
7136,ウェルビングループ,小売業
7137,グラントマト,小売業
7138,ＴＯＲＩＣＯ,小売業
7139,東京高圧山崎,卸売業
7140,ペットゴー,小売業
7148,ＦＰＧ,証券、商品先物取引業
7150,島根銀行,銀行業
7157,ライフネット生命保険,保険業
7161,じもとホールディングス,銀行業
7162,アストマックス,電気・ガス業
7164,全国保証,その他金融業
7167,めぶきフィナンシャルグループ,銀行業
7170,中央インターナショナルグループ,保険業
7172,ジャパンインベストメントアドバイザー,証券、商品先物取引業
7173,東京きらぼしフィナンシャルグループ,銀行業
7175,今村証券,証券、商品先物取引業
7176,シンプレクス・ファイナンシャル・ホールディングス,証券、商品先物取引業
7177,ＧＭＯフィナンシャルホールディングス,証券、商品先物取引業
7180,九州フィナンシャルグループ,銀行業
7181,かんぽ生命保険,保険業
7182,ゆうちょ銀行,銀行業
7183,あんしん保証,その他金融業
7184,富山第一銀行,銀行業
7185,ヒロセ通商,証券、商品先物取引業
7186,横浜フィナンシャルグループ,銀行業
7187,ジェイリース,その他金融業
7189,西日本フィナンシャルホールディングス,銀行業
7191,イントラスト,その他金融業
7192,日本モーゲージサービス,その他金融業
7196,Ｃａｓａ,その他金融業
7198,ＳＢＩアルヒ,その他金融業
7199,プレミアグループ,その他金融業
7201,日産自動車,輸送用機器
7202,いすゞ自動車,輸送用機器
7203,トヨタ自動車,輸送用機器
7205,日野自動車,輸送用機器
7208,カネミツ,輸送用機器
7211,三菱自動車工業,輸送用機器
7212,エフテック,輸送用機器
7213,レシップホールディングス,輸送用機器
7214,ＧＭＢ,輸送用機器
7215,ファルテック,輸送用機器
7217,テイン,輸送用機器
7218,田中精密工業,輸送用機器
7219,エッチ・ケー・エス,輸送用機器
7220,武蔵精密工業,輸送用機器
7222,日産車体,輸送用機器
7224,新明和工業,輸送用機器
7226,極東開発工業,輸送用機器
7228,デイトナ,輸送用機器
7229,ユタカ技研,輸送用機器
7231,トピー工業,輸送用機器
7235,東京ラヂエーター製造,輸送用機器
7236,ティラド,輸送用機器
7238,曙ブレーキ工業,輸送用機器
7239,タチエス,輸送用機器
7240,ＮＯＫ,輸送用機器
7241,フタバ産業,輸送用機器
7242,カヤバ,輸送用機器
7244,市光工業,電気機器
7245,大同メタル工業,輸送用機器
7246,プレス工業,輸送用機器
7247,ミクニ,輸送用機器
7250,太平洋工業,輸送用機器
7254,ユニバンス,輸送用機器
7255,桜井製作所,輸送用機器
7256,河西工業,輸送用機器
7259,アイシン,輸送用機器
7261,マツダ,輸送用機器
7264,ムロコーポレーション,輸送用機器
7265,エイケン工業,輸送用機器
7266,今仙電機製作所,輸送用機器
7267,本田技研工業,輸送用機器
7269,スズキ,輸送用機器
7270,ＳＵＢＡＲＵ,輸送用機器
7271,安永,輸送用機器
7272,ヤマハ発動機,輸送用機器
7273,イクヨ,輸送用機器
7276,小糸製作所,電気機器
7277,ＴＢＫ,輸送用機器
7278,エクセディ,輸送用機器
7279,ハイレックスコーポレーション,輸送用機器
7280,ミツバ,電気機器
7282,豊田合成,輸送用機器
7283,愛三工業,輸送用機器
7284,盟和産業,輸送用機器
7287,日本精機,輸送用機器
7291,日本プラスト,輸送用機器
7292,村上開明堂,輸送用機器
7294,ヨロズ,輸送用機器
7296,エフ・シー・シー,輸送用機器
7297,カーメイト,輸送用機器
7299,フジオーゼックス,輸送用機器
7305,新家工業,鉄鋼
7309,シマノ,輸送用機器
7313,テイ・エス　テック,輸送用機器
7314,小田原機器,輸送用機器
7317,松屋アールアンドディ,輸送用機器
7318,セレンディップ・ホールディングス,輸送用機器
7320,Ｓｏｌｖｖｙ,その他金融業
7322,三十三フィナンシャルグループ,銀行業
7325,アイリックコーポレーション,保険業
7326,ＳＢＩインシュアランスグループ,保険業
7327,第四北越フィナンシャルグループ,銀行業
7337,ひろぎんホールディングス,銀行業
7343,ブロードマインド,保険業
7345,アイ・パートナーズフィナンシャル,その他金融業
7347,マーキュリアホールディングス,証券、商品先物取引業
7350,おきなわフィナンシャルグループ,銀行業
7351,グッドパッチ,サービス業
7352,ＴＷＯＳＴＯＮＥ＆Ｓｏｎｓ,サービス業
7353,ＫＩＹＯラーニング,サービス業
7354,ダイレクトマーケティングミックス,サービス業
7355,一寸房,サービス業
7356,Ｒｅｔｔｙ,サービス業
7357,ジオコード,サービス業
7358,ポピンズ,サービス業
7359,東京通信グループ,サービス業
7360,オンデック,サービス業
7361,ヒューマンクリエイションホールディングス,サービス業
7362,Ｔ．Ｓ．Ｉ,サービス業
7363,ベビーカレンダー,サービス業
7364,琉球アスティーダスポーツクラブ,サービス業
7366,ＬＩＴＡＬＩＣＯ,サービス業
7367,セルム,サービス業
7368,表示灯,サービス業
7369,メイホーホールディングス,サービス業
7370,Ｅｎｊｉｎ,サービス業
7371,Ｚｅｎｋｅｎ,サービス業
7372,デコルテ・ホールディングス,サービス業
7373,アイドマ・ホールディングス,サービス業
7374,コンフィデンス・インターワークス,サービス業
7375,リファインバースグループ,サービス業
7376,ＢＣＣ,サービス業
7377,ＤＮホールディングス,サービス業
7378,アシロ,サービス業
7380,十六フィナンシャルグループ,銀行業
7381,ＣＣＩグループ,銀行業
7383,ネットプロテクションズホールディングス,その他金融業
7384,プロクレアホールディングス,銀行業
7388,ＦＰパートナー,保険業
7389,あいちフィナンシャルグループ,銀行業
7399,ナンシン,輸送用機器
7409,ＡｅｒｏＥｄｇｅ,輸送用機器
7412,アトム,小売業
7413,創健社,卸売業
7414,小野建,卸売業
7416,はるやまホールディングス,小売業
7417,南陽,卸売業
7419,ノジマ,小売業
7420,佐鳥電機,卸売業
7421,カッパ・クリエイト,小売業
7422,東邦レマック,卸売業
7425,初穂商事,卸売業
7426,山大,卸売業
7427,エコートレーディング,卸売業
7433,伯東,卸売業
7434,オータケ,卸売業
7435,ナ・デックス,卸売業
7438,コンドーテック,卸売業
7442,中山福,卸売業
7443,横浜魚類,卸売業
7444,ハリマ共和物産,卸売業
7445,ライトオン,小売業
7446,東北化学薬品,卸売業
7447,ナガイレーベン,卸売業
7450,サンデー,小売業
7453,良品計画,小売業
7455,パリミキホールディングス,小売業
7456,松田産業,卸売業
7458,第一興商,卸売業
7459,メディパルホールディングス,卸売業
7460,ヤギ,卸売業
7461,キムラ,卸売業
7462,ＣＡＰＩＴＡ,小売業
7463,アドヴァングループ,小売業
7464,セフテック,卸売業
7466,ＳＰＫ,卸売業
7467,萩原電気ホールディングス,卸売業
7472,鳥羽洋行,卸売業
7475,アルビス,小売業
7476,アズワン,卸売業
7477,ムラキ,卸売業
7480,スズデン,卸売業
7481,尾家産業,卸売業
7482,シモジマ,卸売業
7483,ドウシシャ,卸売業
7486,サンリン,卸売業
7487,小津産業,卸売業
7490,日新商事,卸売業
7494,コナカ,小売業
7500,西川計測,卸売業
7501,ティムコ,卸売業
7502,プラザホールディングス,サービス業
7504,高速,卸売業
7505,扶桑電通,卸売業
7506,ハウス　オブ　ローゼ,小売業
7508,Ｇ‐７ホールディングス,小売業
7509,アイエーグループ,小売業
7510,たけびし,卸売業
7512,イオン北海道,小売業
7513,コジマ,小売業
7514,ヒマラヤ,小売業
7515,マルヨシセンター,小売業
7516,コーナン商事,小売業
7520,エコス,小売業
7521,ムサシ,卸売業
7522,ワタミ,小売業
7523,アールビバン,小売業
7524,マルシェ,小売業
7525,リックス,卸売業
7527,システムソフト,情報・通信業
7531,清和中央ホールディングス,卸売業
7532,パン・パシフィック・インターナショナルホールディングス,小売業
7537,丸文,卸売業
7538,大水,卸売業
7539,アイナボホールディングス,卸売業
7544,スリーエフ,小売業
7545,西松屋チェーン,小売業
7550,ゼンショーホールディングス,小売業
75505,ゼンショーホールディングス第１回社債型種類株式,小売業
7551,ウェッズ,輸送用機器
7552,ハピネット,卸売業
7554,幸楽苑,小売業
7555,大田花き,卸売業
7561,ハークスレイ,小売業
7562,安楽亭,小売業
7564,ワークマン,小売業
7565,萬世電機,卸売業
7567,栄電子,卸売業
7570,橋本総業ホールディングス,卸売業
7571,ヤマノホールディングス,小売業
7575,日本ライフライン,卸売業
7578,ニチリョク,小売業
7581,サイゼリヤ,小売業
7585,かんなん丸,小売業
7590,タカショー,卸売業
7593,ＶＴホールディングス,小売業
7595,アルゴグラフィックス,情報・通信業
7596,魚力,小売業
7599,ＩＤＯＭ,卸売業
7600,日本エム・ディ・エム,精密機器
7601,ポプラ,小売業
7602,レダックス,卸売業
7603,ジーイエット,小売業
7604,梅の花グループ,小売業
7606,ユナイテッドアローズ,小売業
7607,進和,卸売業
7608,エスケイジャパン,卸売業
7609,ダイトロン,卸売業
7610,テイツー,小売業
7611,ハイデイ日高,小売業
7613,シークス,卸売業
7614,オーエムツーネットワーク,小売業
7615,京都きもの友禅ホールディングス,小売業
7616,コロワイド,小売業
7619,田中商事,卸売業
7621,うかい,小売業
7624,ＮａＩＴＯ,卸売業
7625,グローバルダイニング,小売業
7628,オーハシテクニカ,卸売業
7630,壱番屋,小売業
7634,星医療酸器,卸売業
7635,杉田エース,卸売業
7636,ハンズマン,小売業
7637,白銅,卸売業
7638,ＮＥＷ　ＡＲＴ　ＨＯＬＤＩＮＧＳ,小売業
7640,トップカルチャー,小売業
7643,ダイイチ,小売業
7646,ＰＬＡＮＴ,小売業
7649,スギホールディングス,小売業
7670,オーウエル,卸売業
7673,ダイコー通産,卸売業
7674,ＮＡＴＴＹ　ＳＷＡＮＫＹホールディングス,小売業
7677,ヤシマキザイ,卸売業
7678,あさくま,小売業
7679,薬王堂ホールディングス,小売業
7680,軽自動車館,小売業
7681,レオクラン,卸売業
7682,浜木綿,小売業
7683,ダブルエー,小売業
7685,ＢｕｙＳｅｌｌ　Ｔｅｃｈｎｏｌｏｇｉｅｓ,卸売業
7686,ひとまいる,小売業
7687,ミクリード,卸売業
7689,コパ・コーポレーション,卸売業
7690,カレント自動車,卸売業
7691,Ｃ　Ｃｈａｎｎｅｌ,小売業
7692,アースインフィニティ,電気・ガス業
7693,北海道歯科産業,卸売業
7694,いつも,小売業
7695,交換できるくん,小売業
7698,アイスコ,卸売業
7699,オムニ・プラス・システム・リミテッド　ＪＤＲ,卸売業
7701,島津製作所,精密機器
7702,ＪＭＳ,精密機器
7707,プレシジョン・システム・サイエンス,精密機器
7709,クボテック,精密機器
7711,助川電気工業,精密機器
7713,シグマ光機,精密機器
7715,長野計器,精密機器
7716,ナカニシ,精密機器
7717,ブイ・テクノロジー,精密機器
7718,スター精密,機械
7719,東京衡機,精密機器
7721,東京計器,精密機器
7722,国際計測器,精密機器
7723,愛知時計電機,精密機器
7725,インターアクション,精密機器
7726,黒田精工,機械
7727,オーバル,精密機器
7729,東京精密,精密機器
7730,マニー,精密機器
7731,ニコン,精密機器
7733,オリンパス,精密機器
7734,理研計器,精密機器
7735,ＳＣＲＥＥＮホールディングス,電気機器
7739,キヤノン電子,電気機器
7740,タムロン,精密機器
7741,ＨＯＹＡ,精密機器
7743,シード,精密機器
7744,ノーリツ鋼機,精密機器
7745,Ａ＆Ｄホロンホールディングス,精密機器
7746,岡本硝子,精密機器
7747,朝日インテック,精密機器
7749,メディキット,精密機器
7751,キヤノン,電気機器
7752,リコー,電気機器
7760,ＩＭＶ,精密機器
7762,シチズン時計,精密機器
7769,リズム,精密機器
7771,日本精密,精密機器
7774,ジャパン・ティッシュエンジニアリング,精密機器
7775,大研医器,精密機器
7776,セルシード,精密機器
7777,スリー・ディー・マトリックス,精密機器
7779,ＣＹＢＥＲＤＹＮＥ,精密機器
7780,メニコン,精密機器
7781,平山ホールディングス,精密機器
7782,シンシア,精密機器
7791,ドリームベッド,その他製品
7792,コラントッテ,その他製品
7793,イメージ・マジック,その他製品
7794,イーディーピー,その他製品
7795,ＫＹＯＲＩＴＳＵ,その他製品
7800,アミファ,その他製品
7803,ブシロード,その他製品
7804,ビーアンドピー,その他製品
7805,プリントネット,その他製品
7806,ＭＴＧ,その他製品
7807,幸和製作所,その他製品
7808,シー・エス・ランバー,その他製品
7809,壽屋,その他製品
7810,クロスフォー,その他製品
7811,中本パックス,その他製品
7812,クレステック,その他製品
7813,プラッツ,その他製品
7814,日本創発グループ,その他製品
7815,東京ボード工業,その他製品
7817,パラマウントベッドホールディングス,その他製品
7818,トランザクション,その他製品
7819,粧美堂,その他製品
7820,ニホンフラッシュ,その他製品
7821,前田工繊,その他製品
7822,永大産業,その他製品
7823,アートネイチャー,その他製品
7826,フルヤ金属,その他製品
7827,オービス,その他製品
7831,ウイルコホールディングス,その他製品
7832,バンダイナムコホールディングス,その他製品
7833,アイフィスジャパン,その他製品
7836,アビックス,その他製品
7837,アールシーコア,その他製品
7839,ＳＨＯＥＩ,その他製品
7840,フランスベッドホールディングス,その他製品
7841,遠藤製作所,その他製品
7844,マーベラス,情報・通信業
7846,パイロットコーポレーション,その他製品
7847,グラファイトデザイン,その他製品
7849,スターツ出版,情報・通信業
7850,総合商研,その他製品
7851,カワセコンピュータサプライ,その他製品
7856,萩原工業,その他製品
7857,セキ,その他製品
7859,アルメディオ,その他製品
7860,エイベックス,情報・通信業
7863,平賀,その他製品
7864,フジシールインターナショナル,その他製品
7865,ピープル,その他製品
7867,タカラトミー,その他製品
7868,広済堂ホールディングス,その他製品
7871,フクビ化学工業,化学
7872,エステールホールディングス,その他製品
7874,レック,化学
7875,竹田ｉＰホールディングス,その他製品
7877,永大化工,化学
7878,光・彩,その他製品
7879,ノダ,その他製品
7883,サンメッセ,その他製品
7885,タカノ,その他製品
7886,ヤマト　モビリティ　＆　Ｍｆｇ．,化学
7887,南海プライウッド,その他製品
7888,三光合成,化学
7893,プロネクサス,その他製品
7896,セブン工業,その他製品
7897,ホクシン,その他製品
7898,ウッドワン,その他製品
7901,マツモト,その他製品
7902,ソノコム,その他製品
7906,ヨネックス,その他製品
7908,きもと,化学
7911,ＴＯＰＰＡＮホールディングス,その他製品
7912,大日本印刷,その他製品
7914,共同印刷,その他製品
7915,ＮＩＳＳＨＡ,その他製品
7916,光村印刷,その他製品
7917,ＺＡＣＲＯＳ,化学
7918,ヴィア・ホールディングス,小売業
7919,野崎印刷紙業,その他製品
7921,ＴＡＫＡＲＡ　＆　ＣＯＭＰＡＮＹ,その他製品
7922,三光産業,その他製品
7923,トーイン,その他製品
7925,前澤化成工業,化学
7927,ムトー精工,化学
7928,旭化学工業,化学
7931,未来工業,化学
7932,ニッピ,その他製品
7936,アシックス,その他製品
7937,ツツミ,その他製品
7938,リーガルコーポレーション,その他製品
7939,研創,その他製品
7940,ウェーブロックホールディングス,化学
7942,ＪＳＰ,化学
7943,ニチハ,ガラス・土石製品
7944,ローランド,その他製品
7946,光陽社,その他製品
7947,エフピコ,化学
7949,小松ウオール工業,その他製品
7951,ヤマハ,その他製品
7952,河合楽器製作所,その他製品
7953,菊水化学工業,その他製品
7955,クリナップ,その他製品
7956,ピジョン,その他製品
7957,フジコピアン,その他製品
7962,キングジム,その他製品
7963,興研,その他製品
7965,象印マホービン,電気機器
7966,リンテック,その他製品
7970,信越ポリマー,化学
7971,東リ,化学
7972,イトーキ,その他製品
7974,任天堂,その他製品
7975,リヒトラブ,その他製品
7976,三菱鉛筆,その他製品
7979,松風,精密機器
7980,重松製作所,その他製品
7981,タカラスタンダード,その他製品
7983,ミロク,その他製品
7984,コクヨ,その他製品
7985,ネポン,金属製品
7986,日本アイ・エス・ケイ,その他製品
7987,ナカバヤシ,その他製品
7988,ニフコ,化学
7989,立川ブラインド工業,金属製品
7990,グローブライド,その他製品
7991,マミヤ・オーピー,機械
7992,セーラー万年筆,その他製品
7994,オカムラ,その他製品
7995,バルカー,化学
7997,くろがね工作所,その他製品
7999,ＭＵＴＯＨホールディングス,電気機器
8001,伊藤忠商事,卸売業
8002,丸紅,卸売業
8005,スクロール,小売業
8006,ユアサ・フナショク,卸売業
8007,高島,卸売業
8008,ヨンドシーホールディングス,小売業
8011,三陽商会,繊維製品
8012,長瀬産業,卸売業
8013,ナイガイ,繊維製品
8014,蝶理,卸売業
8015,豊田通商,卸売業
8016,オンワードホールディングス,繊維製品
8018,三共生興,卸売業
8020,兼松,卸売業
8022,美津濃,その他製品
8023,ＤＡＩＫＯ　ＸＴＥＣＨ,情報・通信業
8025,ツカモトコーポレーション,卸売業
8029,ルックホールディングス,繊維製品
8030,中央魚類,卸売業
8031,三井物産,卸売業
8032,日本紙パルプ商事,卸売業
8035,東京エレクトロン,電気機器
8037,カメイ,卸売業
8039,築地魚市場,卸売業
8040,東京ソワール,繊維製品
8041,ＯＵＧホールディングス,卸売業
8043,スターゼン,卸売業
8045,横浜丸魚,卸売業
8046,丸藤シートパイル,卸売業
8050,セイコーグループ,精密機器
8051,山善,卸売業
8052,椿本興業,卸売業
8053,住友商事,卸売業
8056,ＢＩＰＲＯＧＹ,情報・通信業
8057,内田洋行,卸売業
8058,三菱商事,卸売業
8059,第一実業,卸売業
8060,キヤノンマーケティングジャパン,卸売業
8061,西華産業,卸売業
8065,佐藤商事,卸売業
8066,三谷商事,卸売業
8070,東京産業,卸売業
8074,ユアサ商事,卸売業
8075,神鋼商事,卸売業
8076,カノークス,卸売業
8077,トルク,卸売業
8078,阪和興業,卸売業
8079,正栄食品工業,卸売業
8081,カナデン,卸売業
8084,ＲＹＯＤＥＮ,卸売業
8085,ナラサキ産業,卸売業
8086,ニプロ,精密機器
8088,岩谷産業,卸売業
8089,ナイス,卸売業
8091,ニチモウ,卸売業
8093,極東貿易,卸売業
8095,アステナホールディングス,卸売業
8097,三愛オブリ,卸売業
8098,稲畑産業,卸売業
8101,ＧＳＩクレオス,卸売業
8103,明和産業,卸売業
8104,クワザワホールディングス,卸売業
8105,Ｂｉｔｃｏｉｎ　Ｊａｐａｎ,卸売業
8107,キムラタン,繊維製品
8111,ゴールドウイン,繊維製品
8113,ユニ・チャーム,化学
8115,ムーンバット,卸売業
8117,中央自動車工業,卸売業
8118,キング,繊維製品
8119,三栄コーポレーション,卸売業
8123,川辺,卸売業
8125,ワキタ,卸売業
8127,ヤマトインターナショナル,繊維製品
8129,東邦ホールディングス,卸売業
8130,サンゲツ,卸売業
8131,ミツウロコグループホールディングス,卸売業
8132,シナネンホールディングス,卸売業
8133,伊藤忠エネクス,卸売業
8135,ゼット,卸売業
8136,サンリオ,卸売業
8137,サンワテクノス,卸売業
8138,三京化成,卸売業
8139,ナガホリ,卸売業
8141,新光商事,卸売業
8142,トーホー,卸売業
8143,ラピーヌ,繊維製品
8144,デンキョーグループホールディングス,卸売業
8147,トミタ,卸売業
8150,三信電気,卸売業
8151,東陽テクニカ,卸売業
8152,ソマール,卸売業
8153,モスフードサービス,卸売業
8154,加賀電子,卸売業
8157,都築電気,情報・通信業
8158,ソーダニッカ,卸売業
8159,立花エレテック,卸売業
8160,木曽路,小売業
8163,ＳＲＳホールディングス,小売業
8165,千趣会,小売業
8166,タカキュー,小売業
8167,リテールパートナーズ,小売業
8173,上新電機,小売業
8174,日本瓦斯,小売業
8179,ロイヤルホールディングス,小売業
8181,東天紅,小売業
8185,チヨダ,小売業
8194,ライフコーポレーション,小売業
8198,マックスバリュ東海,小売業
8200,リンガーハット,小売業
8202,ラオックスホールディングス,小売業
8203,ＭｒＭａｘＨＤ,小売業
8207,テンアライド,小売業
8209,フレンドリー,小売業
8214,ＡＯＫＩホールディングス,小売業
8217,オークワ,小売業
8218,コメリ,小売業
8219,青山商事,小売業
8225,タカチホ,卸売業
8226,理経,卸売業
8227,しまむら,小売業
8230,はせがわ,小売業
8233,高島屋,小売業
8237,松屋,小売業
8242,エイチ・ツー・オー　リテイリング,小売業
8244,近鉄百貨店,小売業
8247,大和,小売業
8252,丸井グループ,小売業
8253,クレディセゾン,その他金融業
8254,さいか屋,小売業
8255,アクシアル　リテイリング,小売業
8260,井筒屋,小売業
8267,イオン,小売業
8273,イズミ,小売業
8275,フォーバル,卸売業
8276,平和堂,小売業
8278,フジ,小売業
8281,ゼビオホールディングス,小売業
8282,ケーズホールディングス,小売業
8283,ＰＡＬＴＡＣ,卸売業
8285,三谷産業,卸売業
8289,Ｏｌｙｍｐｉｃグループ,小売業
8291,日産東京販売ホールディングス,小売業
8301,日本銀行　出資証券,-
8303,ＳＢＩ新生銀行,銀行業
8304,あおぞら銀行,銀行業
8306,三菱ＵＦＪフィナンシャル・グループ,銀行業
8308,りそなホールディングス,銀行業
8309,三井住友トラストグループ,銀行業
8316,三井住友フィナンシャルグループ,銀行業
8331,千葉銀行,銀行業
8334,群馬銀行,銀行業
8336,武蔵野銀行,銀行業
8337,千葉興業銀行,銀行業
8338,筑波銀行,銀行業
8341,七十七銀行,銀行業
8343,秋田銀行,銀行業
8344,山形銀行,銀行業
8345,岩手銀行,銀行業
8346,東邦銀行,銀行業
8349,東北銀行,銀行業
8354,ふくおかフィナンシャルグループ,銀行業
8358,スルガ銀行,銀行業
8359,八十二銀行,銀行業
8360,山梨中央銀行,銀行業
8361,大垣共立銀行,銀行業
8362,福井銀行,銀行業
8364,清水銀行,銀行業
8365,富山銀行,銀行業
8366,滋賀銀行,銀行業
8367,南都銀行,銀行業
8368,百五銀行,銀行業
8370,紀陽銀行,銀行業
8377,ほくほくフィナンシャルグループ,銀行業
8381,山陰合同銀行,銀行業
8383,鳥取銀行,銀行業
8386,百十四銀行,銀行業
8387,四国銀行,銀行業
8388,阿波銀行,銀行業
8392,大分銀行,銀行業
8393,宮崎銀行,銀行業
8395,佐賀銀行,銀行業
8399,琉球銀行,銀行業
8410,セブン銀行,銀行業
8411,みずほフィナンシャルグループ,銀行業
8416,高知銀行,銀行業
8418,山口フィナンシャルグループ,銀行業
8421,信金中央金庫　優先出資証券,-
8424,芙蓉総合リース,その他金融業
8425,みずほリース,その他金融業
8439,東京センチュリー,その他金融業
8473,ＳＢＩホールディングス,証券、商品先物取引業
8508,Ｊトラスト,その他金融業
8511,日本証券金融,その他金融業
8515,アイフル,その他金融業
8518,日本アジア投資,証券、商品先物取引業
8522,名古屋銀行,銀行業
8524,北洋銀行,銀行業
8537,大光銀行,銀行業
8541,愛媛銀行,銀行業
8542,トマト銀行,銀行業
8544,京葉銀行,銀行業
8550,栃木銀行,銀行業
8551,北日本銀行,銀行業
8558,東和銀行,銀行業
8562,福島銀行,銀行業
8563,大東銀行,銀行業
8566,リコーリース,その他金融業
8570,イオンフィナンシャルサービス,その他金融業
8572,アコム,その他金融業
8584,ジャックス,その他金融業
8585,オリエントコーポレーション,その他金融業
8591,オリックス,その他金融業
8593,三菱ＨＣキャピタル,その他金融業
8595,ジャフコ　グループ,証券、商品先物取引業
8596,九州リースサービス,その他金融業
8600,トモニホールディングス,銀行業
8601,大和証券グループ本社,証券、商品先物取引業
8604,野村ホールディングス,証券、商品先物取引業
8609,岡三証券グループ,証券、商品先物取引業
8613,丸三証券,証券、商品先物取引業
8614,東洋証券,証券、商品先物取引業
8616,東海東京フィナンシャル・ホールディングス,証券、商品先物取引業
8617,光世証券,証券、商品先物取引業
8622,水戸証券,証券、商品先物取引業
8624,いちよし証券,証券、商品先物取引業
8628,松井証券,証券、商品先物取引業
8630,ＳＯＭＰＯホールディングス,保険業
8697,日本取引所グループ,その他金融業
8698,マネックスグループ,証券、商品先物取引業
8699,ＨＳホールディングス,証券、商品先物取引業
8700,丸八証券,証券、商品先物取引業
8704,トレイダーズホールディングス,証券、商品先物取引業
8705,日産証券グループ,証券、商品先物取引業
8706,極東証券,証券、商品先物取引業
8707,岩井コスモホールディングス,証券、商品先物取引業
8708,アイザワ証券グループ,証券、商品先物取引業
8713,フィデアホールディングス,銀行業
8714,池田泉州ホールディングス,銀行業
8715,アニコム　ホールディングス,保険業
8725,ＭＳ＆ＡＤインシュアランスグループホールディングス,保険業
8729,ソニーフィナンシャルグループ,保険業
8737,あかつき本社,証券、商品先物取引業
8739,スパークス・グループ,証券、商品先物取引業
8742,小林洋行,証券、商品先物取引業
8746,ｕｎｂａｎｋｅｄ,証券、商品先物取引業
8747,豊トラスティ証券,証券、商品先物取引業
8750,第一生命ホールディングス,保険業
8766,東京海上ホールディングス,保険業
8769,アドバンテッジリスクマネジメント,サービス業
8771,イー・ギャランティ,その他金融業
8772,アサックス,その他金融業
8783,ａｂｃ,その他金融業
8789,フィンテック　グローバル,その他金融業
8793,ＮＥＣキャピタルソリューション,その他金融業
8795,Ｔ＆Ｄホールディングス,保険業
8798,アドバンスクリエイト,保険業
8801,三井不動産,不動産業
8802,三菱地所,不動産業
8803,平和不動産,不動産業
8804,東京建物,不動産業
8818,京阪神ビルディング,不動産業
8830,住友不動産,不動産業
8835,太平洋興発,卸売業
8836,ＲＩＳＥ,不動産業
8841,テーオーシー,不動産業
8844,コスモスイニシア,不動産業
8848,レオパレス２１,不動産業
8850,スターツコーポレーション,不動産業
8860,フジ住宅,不動産業
8864,空港施設,不動産業
8869,明和地所,不動産業
8871,ゴールドクレスト,不動産業
8876,リログループ,サービス業
8877,エスリード,不動産業
8881,日神グループホールディングス,不動産業
8887,シーラホールディングス,不動産業
8891,ＡＭＧホールディングス,不動産業
8892,エスコン,不動産業
8894,ＲＥＶＯＬＵＴＩＯＮ,不動産業
8897,ＭＩＲＡＲＴＨホールディングス,不動産業
8898,センチュリー２１・ジャパン,不動産業
8904,ＡＶＡＮＴＩＡ,不動産業
8908,毎日コムネット,不動産業
8912,エリアクエスト,不動産業
8914,エリアリンク,不動産業
8917,ファースト住建,不動産業
8918,ランド,不動産業
8919,カチタス,不動産業
8920,東祥,サービス業
8921,シーズクリエイト,不動産業
8923,トーセイ,不動産業
8927,明豊エンタープライズ,不動産業
8928,穴吹興産,不動産業
8929,青山財産ネットワークス,不動産業
8931,和田興産,不動産業
8934,サンフロンティア不動産,不動産業
8935,ＦＪネクストホールディングス,不動産業
8938,グローム・ホールディングス,不動産業
8944,ランドビジネス,不動産業
8945,サンネクスタグループ,不動産業
8946,ＡＳＩＡＮ　ＳＴＡＲ,不動産業
8951,日本ビルファンド投資法人,-
8952,ジャパンリアルエステイト投資法人,-
8953,日本都市ファンド投資法人,-
8954,オリックス不動産投資法人,-
8955,日本プライムリアルティ投資法人,-
8956,ＮＴＴ都市開発リート投資法人,-
8957,東急リアル・エステート投資法人,-
8958,グローバル・ワン不動産投資法人,-
8960,ユナイテッド・アーバン投資法人,-
8961,森トラストリート投資法人,-
8963,インヴィンシブル投資法人,-
8964,フロンティア不動産投資法人,-
8966,平和不動産リート投資法人,-
8967,日本ロジスティクスファンド投資法人,-
8968,福岡リート投資法人,-
8972,ＫＤＸ不動産投資法人,-
8975,いちごオフィスリート投資法人,-
8976,大和証券オフィス投資法人,-
8977,阪急阪神リート投資法人,-
8979,スターツプロシード投資法人,-
8984,大和ハウスリート投資法人,-
8985,ジャパン・ホテル・リート投資法人,-
8986,大和証券リビング投資法人,-
8987,ジャパンエクセレント投資法人,-
8995,誠建設工業,不動産業
8996,ハウスフリーダム,不動産業
8999,グランディハウス,不動産業
9001,東武鉄道,陸運業
9003,相鉄ホールディングス,陸運業
9005,東急,陸運業
9006,京浜急行電鉄,陸運業
9007,小田急電鉄,陸運業
9008,京王電鉄,陸運業
9009,京成電鉄,陸運業
9010,富士急行,陸運業
9012,秩父鉄道,陸運業
9017,新潟交通,陸運業
9020,東日本旅客鉄道,陸運業
9021,西日本旅客鉄道,陸運業
9022,東海旅客鉄道,陸運業
9023,東京地下鉄,陸運業
9024,西武ホールディングス,陸運業
9025,鴻池運輸,陸運業
9028,ゼロ,陸運業
9029,ヒガシホールディングス,陸運業
9031,西日本鉄道,陸運業
9033,広島電鉄,陸運業
9034,南総通運,陸運業
9036,東部ネットワーク,陸運業
9037,ハマキョウレックス,陸運業
9039,サカイ引越センター,陸運業
9041,近鉄グループホールディングス,陸運業
9042,阪急阪神ホールディングス,陸運業
9044,南海電気鉄道,陸運業
9045,京阪ホールディングス,陸運業
9046,神戸電鉄,陸運業
9048,名古屋鉄道,陸運業
9049,京福電気鉄道,陸運業
9051,センコン物流,陸運業
9052,山陽電気鉄道,陸運業
9057,遠州トラック,陸運業
9059,カンダホールディングス,陸運業
9060,日本ロジテム,陸運業
9063,岡山県貨物運送,陸運業
9064,ヤマトホールディングス,陸運業
9065,山九,陸運業
9067,丸運,陸運業
9068,丸全昭和運輸,陸運業
9069,センコーグループホールディングス,陸運業
9072,ニッコンホールディングス,陸運業
9073,京極運輸商事,陸運業
9074,日本石油輸送,陸運業
9075,福山通運,陸運業
9076,セイノーホールディングス,陸運業
9081,神奈川中央交通,陸運業
9082,大和自動車交通,陸運業
9083,神姫バス,陸運業
9087,タカセ,陸運業
9090,ＡＺ－ＣＯＭ丸和ホールディングス,陸運業
9101,日本郵船,海運業
9104,商船三井,海運業
9107,川崎汽船,海運業
9110,ＮＳユナイテッド海運,海運業
9115,明海グループ,海運業
9119,飯野海運,海運業
9127,玉井商船,海運業
9130,共栄タンカー,海運業
9142,九州旅客鉄道,陸運業
9143,ＳＧホールディングス,陸運業
9145,ビーイングホールディングス,陸運業
9146,五健堂ホールディングス,陸運業
9147,ＮＩＰＰＯＮ　ＥＸＰＲＥＳＳホールディングス,陸運業
9149,大友ロジスティクスサービス,陸運業
9156,はなホールディングス,サービス業
9158,シーユーシー,サービス業
9159,Ｗ　ＴＯＫＹＯ,サービス業
9160,ノバレーゼ,サービス業
9162,ブリーチ,サービス業
9163,ナレルグループ,サービス業
9165,クオルテック,サービス業
9166,ＧＥＮＤＡ,サービス業
9168,ライズ・コンサルティング・グループ,サービス業
9169,大伸社,サービス業
9171,栗林商船,海運業
9173,東海汽船,海運業
9193,東京汽船,倉庫・運輸関連業
9201,日本航空,空運業
9202,ＡＮＡホールディングス,空運業
92025,ＡＮＡホールディングス,空運業
9204,スカイマーク,空運業
9206,スターフライヤー,空運業
9211,エフ・コード,サービス業
9212,Ｇｒｅｅｎ　Ｅａｒｔｈ　Ｉｎｓｔｉｔｕｔｅ,サービス業
9213,セイファート,サービス業
9214,Ｒｅｃｏｖｅｒｙ　Ｉｎｔｅｒｎａｔｉｏｎａｌ,サービス業
9215,ＣａＳｙ,サービス業
9216,ビーウィズ,サービス業
9218,メンタルヘルステクノロジーズ,サービス業
9219,ギックス,サービス業
9220,エフビー介護サービス,サービス業
9221,フルハシＥＰＯ,サービス業
9222,ｍａｎａｂｙ,サービス業
9223,ＡＳＮＯＶＡ,サービス業
9225,ブリッジコンサルティンググループ,サービス業
9226,アイガー,サービス業
9227,マイクロ波化学,サービス業
9229,サンウェルズ,サービス業
9233,アジア航測,空運業
9235,売れるネット広告社グループ,サービス業
9236,ジャパンＭ＆Ａソリューション,サービス業
9237,笑美面,サービス業
9238,バリュークリエーション,サービス業
9239,ケーイーティ,サービス業
9240,デリバリーコンサルティング,サービス業
9241,フューチャーリンクネットワーク,サービス業
9242,メディア総研,サービス業
9243,富士テクノホールディングス,サービス業
9244,デジタリフト,サービス業
9245,リベロ,サービス業
9246,プロジェクトホールディングス,サービス業
9247,ＴＲＥホールディングス,サービス業
9248,人・夢・技術グループ,サービス業
9249,日本エコシステム,サービス業
9250,ＧＲＣＳ,サービス業
9251,ＡＢ＆Ｃｏｍｐａｎｙ,サービス業
9252,ラストワンマイル,サービス業
9253,スローガン,サービス業
9254,ラバブルマーケティンググループ,サービス業
9256,サクシード,サービス業
9257,ＹＣＰホールディングス（グローバル）リミテッド　ＪＤＲ,サービス業
9258,ＣＳ－Ｃ,サービス業
9259,タカヨシホールディングス,サービス業
9262,シルバーライフ,小売業
9264,ポエック,卸売業
9265,ヤマシタヘルスケアホールディングス,卸売業
9267,Ｇｅｎｋｙ　ＤｒｕｇＳｔｏｒｅｓ,小売業
9268,オプティマスグループ,卸売業
9270,バリュエンスホールディングス,卸売業
9271,和心,小売業
9272,ブティックス,サービス業
9273,コーア商事ホールディングス,卸売業
9274,ＫＰＰグループホールディングス,卸売業
9278,ブックオフグループホールディングス,小売業
9279,ギフトホールディングス,小売業
9282,いちごグリーンインフラ投資法人,-
9284,カナディアン・ソーラー・インフラ投資法人,-
9285,東京インフラ・エネルギー投資法人,-
9286,エネクス・インフラ投資法人,-
9287,ジャパン・インフラファンド投資法人,-
9301,三菱倉庫,倉庫・運輸関連業
9302,三井倉庫ホールディングス,倉庫・運輸関連業
9303,住友倉庫,倉庫・運輸関連業
9304,澁澤倉庫,倉庫・運輸関連業
9305,ヤマタネ,卸売業
9306,東陽倉庫,倉庫・運輸関連業
9307,杉村倉庫,倉庫・運輸関連業
9308,乾汽船,海運業
9310,日本トランスシティ,倉庫・運輸関連業
9311,アサガミ,倉庫・運輸関連業
9312,ケイヒン,倉庫・運輸関連業
9313,丸八倉庫,倉庫・運輸関連業
9319,中央倉庫,倉庫・運輸関連業
9322,川西倉庫,倉庫・運輸関連業
9324,安田倉庫,倉庫・運輸関連業
9325,ファイズホールディングス,倉庫・運輸関連業
9326,関通,倉庫・運輸関連業
9327,イー・ロジット,倉庫・運輸関連業
9330,揚羽,サービス業
9331,キャスター,サービス業
9332,ＮＩＳＳＯホールディングス,サービス業
9334,アイビスホールディングス,サービス業
9335,テクノクリエイティブ,サービス業
9336,大栄環境,サービス業
9337,トリドリ,サービス業
9338,ＩＮＦＯＲＩＣＨ,サービス業
9339,コーチ・エィ,サービス業
9340,アソインターナショナル,サービス業
9341,ＧＥＮＯＶＡ,サービス業
9342,スマサポ,サービス業
9343,アイビス,サービス業
9344,アクシスコンサルティング,サービス業
9345,ビズメイツ,サービス業
9346,ココルポート,サービス業
9347,日本管財ホールディングス,サービス業
9348,ｉｓｐａｃｅ,サービス業
9351,東洋埠頭,倉庫・運輸関連業
9353,櫻島埠頭,倉庫・運輸関連業
9355,リンコーコーポレーション,倉庫・運輸関連業
9360,鈴与シンワート,情報・通信業
9361,伏木海陸運送,倉庫・運輸関連業
9362,兵機海運,倉庫・運輸関連業
9363,大運,倉庫・運輸関連業
9364,上組,倉庫・運輸関連業
9365,トレーディア,倉庫・運輸関連業
9366,サンリツ,倉庫・運輸関連業
9367,大東港運,倉庫・運輸関連業
9368,キムラユニティー,倉庫・運輸関連業
9369,キユーソー流通システム,倉庫・運輸関連業
9376,ユーラシア旅行社,サービス業
9380,東海運,倉庫・運輸関連業
9381,エーアイテイー,倉庫・運輸関連業
9385,ショーエイコーポレーション,化学
9399,ビート・ホールディングス・リミテッド,情報・通信業
9401,ＴＢＳホールディングス,情報・通信業
9404,日本テレビホールディングス,情報・通信業
9405,朝日放送グループホールディングス,情報・通信業
9408,ＢＳＮメディアホールディングス,情報・通信業
9409,テレビ朝日ホールディングス,情報・通信業
9412,スカパーＪＳＡＴホールディングス,情報・通信業
9413,テレビ東京ホールディングス,情報・通信業
9414,日本ＢＳ放送,情報・通信業
9416,ビジョン,情報・通信業
9417,スマートバリュー,情報・通信業
9418,Ｕ－ＮＥＸＴ　ＨＯＬＤＩＮＧＳ,情報・通信業
9419,ワイヤレスゲート,情報・通信業
9421,エヌジェイホールディングス,情報・通信業
9423,フォーバル・リアルストレート,情報・通信業
9424,日本通信,情報・通信業
9425,ＲｅＹｕｕ　Ｊａｐａｎ,情報・通信業
9428,クロップス,情報・通信業
9432,ＮＴＴ,情報・通信業
9433,ＫＤＤＩ,情報・通信業
9434,ソフトバンク,情報・通信業
94345,ソフトバンク第１回社債型種類株式,情報・通信業
94346,ソフトバンク第２回社債型種類株式,情報・通信業
9435,光通信,情報・通信業
9436,沖縄セルラー電話,情報・通信業
9438,エムティーアイ,情報・通信業
9439,エム・エイチ・グループ,サービス業
9441,ベルパーク,情報・通信業
9444,トーシンホールディングス,情報・通信業
9445,フォーバルテレコム,情報・通信業
9446,サカイホールディングス,情報・通信業
9449,ＧＭＯインターネットグループ,情報・通信業
9450,ファイバーゲート,情報・通信業
9466,アイドママーケティングコミュニケーション,情報・通信業
9467,アルファポリス,情報・通信業
9468,ＫＡＤＯＫＡＷＡ,情報・通信業
9470,学研ホールディングス,情報・通信業
9474,ゼンリン,情報・通信業
9475,昭文社ホールディングス,情報・通信業
9476,中央経済社ホールディングス,情報・通信業
9478,ＳＥホールディングス・アンド・インキュベーションズ,情報・通信業
9501,東京電力ホールディングス,電気・ガス業
9502,中部電力,電気・ガス業
9503,関西電力,電気・ガス業
9504,中国電力,電気・ガス業
9505,北陸電力,電気・ガス業
9506,東北電力,電気・ガス業
9507,四国電力,電気・ガス業
9508,九州電力,電気・ガス業
9509,北海道電力,電気・ガス業
9511,沖縄電力,電気・ガス業
9513,電源開発,電気・ガス業
9514,エフオン,電気・ガス業
9517,イーレックス,電気・ガス業
9519,レノバ,電気・ガス業
9531,東京瓦斯,電気・ガス業
9532,大阪瓦斯,電気・ガス業
9533,東邦瓦斯,電気・ガス業
9534,北海道瓦斯,電気・ガス業
9535,広島ガス,電気・ガス業
9536,西部ガスホールディングス,電気・ガス業
9537,北陸瓦斯,電気・ガス業
9539,京葉瓦斯,電気・ガス業
9543,静岡ガス,電気・ガス業
9551,メタウォーター,電気・ガス業
9552,Ｍ＆Ａ総研ホールディングス,サービス業
9553,マイクロアド,サービス業
9554,ＡＶｉＣ,サービス業
9556,ＩＮＴＬＯＯＰ,サービス業
9557,エアークローゼット,サービス業
9558,ジャパニアス,サービス業
9560,プログリット,サービス業
9561,グラッドキューブ,サービス業
9562,ビジネスコーチ,サービス業
9563,Ａｔｌａｓ　Ｔｅｃｈｎｏｌｏｇｉｅｓ,サービス業
9564,ＦＣＥ,サービス業
9565,ＧＬＯＥ,サービス業
9600,アイネット,情報・通信業
9601,松竹,情報・通信業
9602,東宝,情報・通信業
9603,エイチ・アイ・エス,サービス業
9605,東映,情報・通信業
9610,ウィルソン・ラーニング　ワールドワイド,サービス業
9612,ラックランド,サービス業
9616,共立メンテナンス,サービス業
9619,イチネンホールディングス,サービス業
9621,建設技術研究所,サービス業
9622,スペース,サービス業
9625,セレスポ,サービス業
9627,アインホールディングス,小売業
9628,燦ホールディングス,サービス業
9629,ピー・シー・エー,情報・通信業
9632,スバル興業,サービス業
9633,東京テアトル,不動産業
9635,武蔵野興業,サービス業
9636,きんえい,サービス業
9639,三協フロンテア,サービス業
9640,セゾンテクノロジー,情報・通信業
9644,タナベコンサルティンググループ,サービス業
9647,協和コンサルタンツ,サービス業
9651,日本プロセス,情報・通信業
9656,グリーンランドリゾート,サービス業
9658,ビジネスブレイン太田昭和,情報・通信業
9661,歌舞伎座,サービス業
9663,ナガワ,サービス業
9672,東京都競馬,サービス業
9678,カナモト,サービス業
9679,ホウライ,サービス業
9682,ＤＴＳ,情報・通信業
9684,スクウェア・エニックス・ホールディングス,情報・通信業
9685,ＫＹＣＯＭホールディングス,情報・通信業
9686,東洋テック,サービス業
9687,ＫＳＫ,情報・通信業
9691,両毛システムズ,情報・通信業
9692,シーイーシー,情報・通信業
9697,カプコン,情報・通信業
9698,クレオ,情報・通信業
9699,ニシオホールディングス,サービス業
9701,東京會舘,サービス業
9702,アイ・エス・ビー,情報・通信業
9704,アゴーラ　ホスピタリティー　グループ,サービス業
9706,日本空港ビルデング,不動産業
9708,帝国ホテル,サービス業
9709,ＮＣＳ＆Ａ,情報・通信業
9713,ロイヤルホテル,サービス業
9715,トランス・コスモス,サービス業
9716,乃村工藝社,サービス業
9719,ＳＣＳＫ,情報・通信業
9720,ホテル、ニューグランド,サービス業
9722,藤田観光,サービス業
9723,京都ホテル,サービス業
9726,ＫＮＴ－ＣＴホールディングス,サービス業
9729,トーカイ,サービス業
9731,白洋舎,サービス業
9733,ナガセ,サービス業
9735,セコム,サービス業
9739,ＮＳＷ,情報・通信業
9740,セントラル警備保障,サービス業
9742,アイネス,情報・通信業
9743,丹青社,サービス業
9744,メイテックグループホールディングス,サービス業
9746,ＴＫＣ,情報・通信業
9753,アイエックス・ナレッジ,情報・通信業
9755,応用地質,サービス業
9757,船井総研ホールディングス,サービス業
9759,ＮＳＤ,情報・通信業
9760,進学会ホールディングス,サービス業
9761,東海リース,サービス業
9763,丸建リース,卸売業
9765,オオバ,サービス業
9766,コナミグループ,情報・通信業
9767,日建工学,サービス業
9768,いであ,サービス業
9769,学究社,サービス業
9776,札幌臨床検査センター,サービス業
9778,昴,サービス業
9780,ハリマビステム,サービス業
9782,ディーエムエス,サービス業
9788,ナック,サービス業
9790,福井コンピュータホールディングス,情報・通信業
9791,ビケンテクノ,サービス業
9793,ダイセキ,サービス業
9795,ステップ,サービス業
9799,旭情報サービス,情報・通信業
9812,テーオーホールディングス,卸売業
9816,ストライダーズ,不動産業
9818,大丸エナウィン,卸売業
9820,エムティジェネックス,不動産業
9823,マミーマートホールディングス,小売業
9824,泉州電業,卸売業
9827,リリカラ,卸売業
9828,Ｇｅｎｋｉ　Ｇｌｏｂａｌ　Ｄｉｎｉｎｇ　Ｃｏｎｃｅｐｔｓ,小売業
9830,トラスコ中山,卸売業
9831,ヤマダホールディングス,小売業
9832,オートバックスセブン,卸売業
9835,ジュンテンドー,小売業
9837,モリト,卸売業
9842,アークランズ,小売業
9843,ニトリホールディングス,小売業
9845,パーカーコーポレーション,化学
9846,天満屋ストア,小売業
9849,共同紙販ホールディングス,卸売業
9850,グルメ杵屋,小売業
9853,銀座ルノアール,小売業
9854,愛眼,小売業
9856,ケーユーホールディングス,小売業
9857,英和,卸売業
9861,吉野家ホールディングス,小売業
9867,ソレキア,卸売業
9869,加藤産業,卸売業
9872,北恵,卸売業
9876,コックス,小売業
9878,セキド,小売業
9880,イノテック,電気機器
9882,イエローハット,卸売業
9885,シャルレ,卸売業
9887,松屋フーズホールディングス,小売業
9888,ＵＥＸ,卸売業
9889,ＪＢＣＣホールディングス,情報・通信業
9890,マキヤ,小売業
9895,コンセック,卸売業
9896,ＪＫホールディングス,卸売業
9900,サガミホールディングス,小売業
9902,日伝,卸売業
9903,カンセキ,小売業
9904,ベリテ,小売業
9906,藤井産業,卸売業
9908,日本電計,卸売業
9913,日邦産業,卸売業
9914,植松商会,卸売業
9927,ワットマン,小売業
9928,ミロク情報サービス,情報・通信業
9929,平和紙業,卸売業
9930,北沢産業,卸売業
9932,杉本商事,卸売業
9934,因幡電機産業,卸売業
9936,王将フードサービス,小売業
9941,太洋物産,卸売業
9946,ミニストップ,小売業
9948,アークス,小売業
9950,ハチバン,小売業
9955,ヨンキュウ,卸売業
9956,バローホールディングス,小売業
9959,アシードホールディングス,小売業
9960,東テク,卸売業
9962,ミスミグループ本社,卸売業
9969,ショクブン,小売業
9972,アルテック,卸売業
9973,ＫＯＺＯホールディングス,小売業
9974,ベルク,小売業
9976,セキチュー,小売業
9978,文教堂グループホールディングス,小売業
9979,大庄,小売業
9980,ＭＲＫホールディングス,小売業
9982,タキヒヨー,卸売業
9983,ファーストリテイリング,小売業
9984,ソフトバンクグループ,情報・通信業
9986,蔵王産業,卸売業
9987,スズケン,卸売業
9989,サンドラッグ,小売業
9990,サックスバー　ホールディングス,小売業
9991,ジェコス,卸売業
9993,ヤマザワ,小売業
9994,やまや,小売業
9996,サトー商会,卸売業
9997,ベルーナ,小売業
